DROP DATABASE IF EXISTS `aero_check_db`;
-- Create AeroCheck Database
CREATE DATABASE IF NOT EXISTS `aero_check_db`;
USE `aero_check_db`;

-- Passengers table
CREATE TABLE IF NOT EXISTS `passengers` (
    `passenger_id` VARCHAR(50) PRIMARY KEY,
    `first_name` VARCHAR(50) NOT NULL,
    `last_name` VARCHAR(50) NOT NULL,
    `passport_number` VARCHAR(50) UNIQUE,
    `contact_phone` VARCHAR(100),
    `email_address` VARCHAR(100),
    `created_at` TIMESTAMP DEFAULT CURRENT_TIMESTAMP
);

-- Flights table
CREATE TABLE IF NOT EXISTS `flights` (
    `flight_number` VARCHAR(20) PRIMARY KEY,
    `departure_time` DATETIME NOT NULL,
    `destination` VARCHAR(100) NOT NULL,
    `gate` VARCHAR(10) NOT NULL,
    `status` VARCHAR(20) DEFAULT 'On Time',
    `capacity` INT NOT NULL
);

-- Bookings table
CREATE TABLE IF NOT EXISTS `bookings` (
    `booking_id` VARCHAR(50) PRIMARY KEY,
    `flight_number` VARCHAR(20) NOT NULL,
    `booking_date` DATETIME DEFAULT CURRENT_TIMESTAMP,
    `status` VARCHAR(20) DEFAULT 'Confirmed',
    `is_group_booking` BOOLEAN NOT NULL DEFAULT FALSE,
    `fare_class` VARCHAR(50) NOT NULL DEFAULT 'Economy',
    FOREIGN KEY (`flight_number`) REFERENCES `flights`(`flight_number`) ON DELETE CASCADE
);

-- Baggage_Packages table
CREATE TABLE IF NOT EXISTS `baggage_packages` (
    `package_id` VARCHAR(50) PRIMARY KEY,
    `package_name` VARCHAR(100) NOT NULL,
    `additional_weight_kg` INT NOT NULL,
    `price` DECIMAL(10,2) NOT NULL,
    `description` TEXT
);

-- Seats table
CREATE TABLE IF NOT EXISTS `seats` (
    `seat_id` VARCHAR(50) PRIMARY KEY,
    `flight_number` VARCHAR(20) NOT NULL,
    `seat_number` VARCHAR(10) NOT NULL,
    `seat_class` VARCHAR(50) NOT NULL DEFAULT 'Economy',
    `is_premium` BOOLEAN DEFAULT FALSE,
    `status` VARCHAR(20) NOT NULL DEFAULT 'Available',
    FOREIGN KEY (`flight_number`) REFERENCES `flights`(`flight_number`) ON DELETE CASCADE,
    UNIQUE KEY `unique_flight_seat` (`flight_number`, `seat_number`)
);

-- booking_Passengers table
CREATE TABLE IF NOT EXISTS `booking_passengers` (
    `id` INT AUTO_INCREMENT PRIMARY KEY,
    `booking_id` VARCHAR(50) NOT NULL,
    `passenger_id` VARCHAR(50) NOT NULL,
    `seat_number` VARCHAR(10),
    `assigned_seat_id` VARCHAR(50),
    `check_in_status` VARCHAR(20) DEFAULT 'Not Checked In',
    `purchased_baggage_package_id` VARCHAR(50),
    `additional_baggage_pieces` INT DEFAULT 0,
    `additional_baggage_weight_kg` DECIMAL(5,2) DEFAULT 0.00,
    FOREIGN KEY (`booking_id`) REFERENCES `bookings`(`booking_id`) ON DELETE CASCADE,
    FOREIGN KEY (`passenger_id`) REFERENCES `passengers`(`passenger_id`) ON DELETE CASCADE,
    FOREIGN KEY (`purchased_baggage_package_id`) REFERENCES `baggage_packages`(`package_id`),
    FOREIGN KEY (`assigned_seat_id`) REFERENCES `seats`(`seat_id`),
    UNIQUE KEY `unique_booking_passenger` (`booking_id`, `passenger_id`)
);

-- Boarding passes table
CREATE TABLE IF NOT EXISTS `boarding_passes` (
    `id` INT AUTO_INCREMENT PRIMARY KEY,
    `passenger_id` VARCHAR(50) NOT NULL,
    `flight_number` VARCHAR(20) NOT NULL,
    `booking_id` VARCHAR(50) NOT NULL,
    `seat_number` VARCHAR(10) NOT NULL,
    `qr_code` TEXT,
    `issue_datetime` DATETIME DEFAULT CURRENT_TIMESTAMP,
    FOREIGN KEY (`passenger_id`) REFERENCES `passengers`(`passenger_id`) ON DELETE CASCADE,
    FOREIGN KEY (`flight_number`) REFERENCES `flights`(`flight_number`) ON DELETE CASCADE,
    FOREIGN KEY (`booking_id`) REFERENCES `bookings`(`booking_id`) ON DELETE CASCADE
);

-- Groups table
CREATE TABLE IF NOT EXISTS `groups` (
    `group_id` VARCHAR(50) PRIMARY KEY,
    `booking_id` VARCHAR(50) NOT NULL UNIQUE,
    `created_at` TIMESTAMP DEFAULT CURRENT_TIMESTAMP,
    FOREIGN KEY (`booking_id`) REFERENCES `bookings`(`booking_id`) ON DELETE CASCADE
);

-- Group members table
CREATE TABLE IF NOT EXISTS `group_members` (
    `id` INT AUTO_INCREMENT PRIMARY KEY,
    `group_id` VARCHAR(50) NOT NULL,
    `passenger_id` VARCHAR(50) NOT NULL,
    FOREIGN KEY (`group_id`) REFERENCES `groups`(`group_id`) ON DELETE CASCADE,
    FOREIGN KEY (`passenger_id`) REFERENCES `passengers`(`passenger_id`) ON DELETE CASCADE,
    UNIQUE KEY `unique_group_member` (`group_id`, `passenger_id`)
);

-- Baggage table
CREATE TABLE IF NOT EXISTS `baggage` (
    `baggage_id` VARCHAR(50) PRIMARY KEY,
    `passenger_id` VARCHAR(50) NOT NULL,
    `booking_id` VARCHAR(50) NOT NULL,
    `weight_kg` DECIMAL(5,2) NOT NULL,
    `baggage_tag` VARCHAR(50),
    `screening_status` VARCHAR(20) DEFAULT 'Pending',
    `created_at` TIMESTAMP DEFAULT CURRENT_TIMESTAMP,
    FOREIGN KEY (`passenger_id`) REFERENCES `passengers`(`passenger_id`) ON DELETE CASCADE,
    FOREIGN KEY (`booking_id`) REFERENCES `bookings`(`booking_id`) ON DELETE CASCADE
);

-- Assistance details table
CREATE TABLE IF NOT EXISTS `assistance_details` (
    `assistance_id` VARCHAR(50) PRIMARY KEY,
    `passenger_id` VARCHAR(50) NOT NULL,
    `need_type` VARCHAR(50) NOT NULL,
    `description` TEXT NOT NULL,
    `status` VARCHAR(20) DEFAULT 'Requested',
    `created_at` TIMESTAMP DEFAULT CURRENT_TIMESTAMP,
    FOREIGN KEY (`passenger_id`) REFERENCES `passengers`(`passenger_id`) ON DELETE CASCADE
);

-- Staff table
CREATE TABLE IF NOT EXISTS `staff` (
    `staff_id` VARCHAR(50) PRIMARY KEY,
    `name` VARCHAR(100) NOT NULL,
    `role` VARCHAR(50) NOT NULL,
    `created_at` TIMESTAMP DEFAULT CURRENT_TIMESTAMP
);

-- Check-in counters table
CREATE TABLE IF NOT EXISTS `checkin_counters` (
    `counter_id` VARCHAR(50) PRIMARY KEY,
    `location` VARCHAR(100) NOT NULL,
    `assigned_staff_id` VARCHAR(50),
    `is_operational` BOOLEAN DEFAULT TRUE,
    FOREIGN KEY (`assigned_staff_id`) REFERENCES `staff`(`staff_id`) ON DELETE SET NULL
);

-- Self-service kiosks table
CREATE TABLE IF NOT EXISTS `self_service_kiosks` (
    `kiosk_id` VARCHAR(50) PRIMARY KEY,
    `location` VARCHAR(100) NOT NULL,
    `is_operational` BOOLEAN DEFAULT TRUE
);

-- Flight notifications table
CREATE TABLE IF NOT EXISTS `flight_notifications` (
    `id` INT AUTO_INCREMENT PRIMARY KEY,
    `passenger_id` VARCHAR(50) NOT NULL,
    `flight_number` VARCHAR(20) NOT NULL,
    `message` TEXT NOT NULL,
    `sent_at` TIMESTAMP DEFAULT CURRENT_TIMESTAMP,
    FOREIGN KEY (`passenger_id`) REFERENCES `passengers`(`passenger_id`) ON DELETE CASCADE,
    FOREIGN KEY (`flight_number`) REFERENCES `flights`(`flight_number`) ON DELETE CASCADE
);

-- Insert Sample Data
-- Passengers (100 total: P001-P030 for individual, P031-P100 for groups)
INSERT INTO `passengers` (`passenger_id`, `first_name`, `last_name`, `passport_number`, `contact_phone`, `email_address`) VALUES
('P001', 'Liam', 'Tan', 'A01', '+60110000001', 'liam.tan@email.com'),
('P002', 'Olivia', 'Lim', 'A02', '+60110000002', 'olivia.lim@email.com'),
('P003', 'Noah', 'Lee', 'A03', '+60110000003', 'noah.lee@email.com'),
('P004', 'Emma', 'Ng', 'A04', '+60110000004', 'emma.ng@email.com'),
('P005', 'Oliver', 'Wong', 'A05', '+60110000005', 'oliver.wong@email.com'),
('P006', 'Ava', 'Chan', 'A06', '+60110000006', 'ava.chan@email.com'),
('P007', 'Elijah', 'Goh', 'A07', '+60110000007', 'elijah.goh@email.com'),
('P008', 'Charlotte', 'Chin', 'A08', '+60110000008', 'charlotte.chin@email.com'),
('P009', 'William', 'Wee', 'A09', '+60110000009', 'william.wee@email.com'),
('P010', 'Sophia', 'Teh', 'A10', '+60110000010', 'sophia.teh@email.com'),
('P011', 'James', 'Yap', 'A11', '+60110000011', 'james.yap@email.com'),
('P012', 'Amelia', 'Ho', 'A12', '+60110000012', 'amelia.ho@email.com'),
('P013', 'Benjamin', 'Lau', 'A13', '+60110000013', 'benjamin.lau@email.com'),
('P014', 'Isabella', 'Siti', 'A14', '+60110000014', 'isabella.siti@email.com'),
('P015', 'Lucas', 'Aziz', 'A15', '+60110000015', 'lucas.aziz@email.com'),
('P016', 'Mia', 'Rahman', 'A16', '+60110000016', 'mia.rahman@email.com'),
('P017', 'Henry', 'Ibrahim', 'A17', '+60110000017', 'henry.ibrahim@email.com'),
('P018', 'Evelyn', 'Kumar', 'A18', '+60110000018', 'evelyn.kumar@email.com'),
('P019', 'Alexander', 'Raja', 'A19', '+60110000019', 'alexander.raja@email.com'),
('P020', 'Harper', 'Krishnan', 'A20', '+60110000020', 'harper.krishnan@email.com'),
('P021', 'Michael', 'Singh', 'A21', '+60110000021', 'michael.singh@email.com'),
('P022', 'Emily', 'Pillai', 'A22', '+60110000022', 'emily.pillai@email.com'),
('P023', 'Ethan', 'Yusof', 'A23', '+60110000023', 'ethan.yusof@email.com'),
('P024', 'Abigail', 'Ahmad', 'A24', '+60110000024', 'abigail.ahmad@email.com'),
('P025', 'Daniel', 'Lim', 'A25', '+60110000025', 'daniel.lim@email.com'),
('P026', 'Madison', 'Tan', 'A26', '+60110000026', 'madison.tan@email.com'),
('P027', 'Jacob', 'Goh', 'A27', '+60110000027', 'jacob.goh@email.com'),
('P028', 'Scarlett', 'Lee', 'A28', '+60110000028', 'scarlett.lee@email.com'),
('P029', 'Logan', 'Wong', 'A29', '+60110000029', 'logan.wong@email.com'),
('P030', 'Victoria', 'Chan', 'A30', '+60110000030', 'victoria.chan@email.com'),
('P031', 'Jackson', 'Ng', 'A31', '+60110000031', 'jackson.ng@email.com'),
('P032', 'Aria', 'Chin', 'A32', '+60110000032', 'aria.chin@email.com'),
('P033', 'Sebastian', 'Wee', 'A33', '+60110000033', 'sebastian.wee@email.com'),
('P034', 'Grace', 'Teh', 'A34', '+60110000034', 'grace.teh@email.com'),
('P035', 'Mateo', 'Yap', 'A35', '+60110000035', 'mateo.yap@email.com'),
('P036', 'Chloe', 'Ho', 'A36', '+60110000036', 'chloe.ho@email.com'),
('P037', 'David', 'Lau', 'A37', '+60110000037', 'david.lau@email.com'),
('P038', 'Zoey', 'Siti', 'A38', '+60110000038', 'zoey.siti@email.com'),
('P039', 'Joseph', 'Aziz', 'A39', '+60110000039', 'joseph.aziz@email.com'),
('P040', 'Penelope', 'Rahman', 'A40', '+60110000040', 'penelope.rahman@email.com'),
('P041', 'Samuel', 'Ibrahim', 'A41', '+60110000041', 'samuel.ibrahim@email.com'),
('P042', 'Lily', 'Kumar', 'A42', '+60110000042', 'lily.kumar@email.com'),
('P043', 'Matthew', 'Raja', 'A43', '+60110000043', 'matthew.raja@email.com'),
('P044', 'Layla', 'Krishnan', 'A44', '+60110000044', 'layla.krishnan@email.com'),
('P045', 'John', 'Singh', 'A45', '+60110000045', 'john.singh@email.com'),
('P046', 'Riley', 'Pillai', 'A46', '+60110000046', 'riley.pillai@email.com'),
('P047', 'Owen', 'Yusof', 'A47', '+60110000047', 'owen.yusof@email.com'),
('P048', 'Nora', 'Ahmad', 'A48', '+60110000048', 'nora.ahmad@email.com'),
('P049', 'Wyatt', 'Lim', 'A49', '+60110000049', 'wyatt.lim@email.com'),
('P050', 'Eleanor', 'Tan', 'A50', '+60110000050', 'eleanor.tan@email.com'),
('P051', 'Jack', 'Goh', 'A51', '+60110000051', 'jack.goh@email.com'),
('P052', 'Hannah', 'Lee', 'A52', '+60110000052', 'hannah.lee@email.com'),
('P053', 'Luke', 'Wong', 'A53', '+60110000053', 'luke.wong@email.com'),
('P054', 'Lillian', 'Chan', 'A54', '+60110000054', 'lillian.chan@email.com'),
('P055', 'Jayden', 'Ng', 'A55', '+60110000055', 'jayden.ng@email.com'),
('P056', 'Addison', 'Chin', 'A56', '+60110000056', 'addison.chin@email.com'),
('P057', 'Dylan', 'Wee', 'A57', '+60110000057', 'dylan.wee@email.com'),
('P058', 'Aubrey', 'Teh', 'A58', '+60110000058', 'aubrey.teh@email.com'),
('P059', 'Grayson', 'Yap', 'A59', '+60110000059', 'grayson.yap@email.com'),
('P060', 'Stella', 'Ho', 'A60', '+60110000060', 'stella.ho@email.com'),
('P061', 'Levi', 'Lau', 'A61', '+60110000061', 'levi.lau@email.com'),
('P062', 'Natalie', 'Siti', 'A62', '+60110000062', 'natalie.siti@email.com'),
('P063', 'Isaac', 'Aziz', 'A63', '+60110000063', 'isaac.aziz@email.com'),
('P064', 'Zoe', 'Rahman', 'A64', '+60110000064', 'zoe.rahman@email.com'),
('P065', 'Gabriel', 'Ibrahim', 'A65', '+60110000065', 'gabriel.ibrahim@email.com'),
('P066', 'Leah', 'Kumar', 'A66', '+60110000066', 'leah.kumar@email.com'),
('P067', 'Anthony', 'Raja', 'A67', '+60110000067', 'anthony.raja@email.com'),
('P068', 'Hazel', 'Krishnan', 'A68', '+60110000068', 'hazel.krishnan@email.com'),
('P069', 'Christopher', 'Singh', 'A69', '+60110000069', 'christopher.singh@email.com'),
('P070', 'Violet', 'Pillai', 'A70', '+60110000070', 'violet.pillai@email.com'),
('P071', 'Joshua', 'Yusof', 'A71', '+60110000071', 'joshua.yusof@email.com'),
('P072', 'Aurora', 'Ahmad', 'A72', '+60110000072', 'aurora.ahmad@email.com'),
('P073', 'Andrew', 'Lim', 'A73', '+60110000073', 'andrew.lim@email.com'),
('P074', 'Savannah', 'Tan', 'A74', '+60110000074', 'savannah.tan@email.com'),
('P075', 'Lincoln', 'Goh', 'A75', '+60110000075', 'lincoln.goh@email.com'),
('P076', 'Brooklyn', 'Lee', 'A76', '+60110000076', 'brooklyn.lee@email.com'),
('P077', 'Theodore', 'Wong', 'A77', '+60110000077', 'theodore.wong@email.com'),
('P078', 'Bella', 'Chan', 'A78', '+60110000078', 'bella.chan@email.com'),
('P079', 'Caleb', 'Ng', 'A79', '+60110000079', 'caleb.ng@email.com'),
('P080', 'Claire', 'Chin', 'A80', '+60110000080', 'claire.chin@email.com'),
('P081', 'Ryan', 'Wee', 'A81', '+60110000081', 'ryan.wee@email.com'),
('P082', 'Skylar', 'Teh', 'A82', '+60110000082', 'skylar.teh@email.com'),
('P083', 'Nathan', 'Yap', 'A83', '+60110000083', 'nathan.yap@email.com'),
('P084', 'Paisley', 'Ho', 'A84', '+60110000084', 'paisley.ho@email.com'),
('P085', 'Thomas', 'Lau', 'A85', '+60110000085', 'thomas.lau@email.com'),
('P086', 'Everly', 'Siti', 'A86', '+60110000086', 'everly.siti@email.com'),
('P087', 'Isaiah', 'Aziz', 'A87', '+60110000087', 'isaiah.aziz@email.com'),
('P088', 'Anna', 'Rahman', 'A88', '++60110000088', 'anna.rahman@email.com'),
('P089', 'Charles', 'Ibrahim', 'A89', '+60110000089', 'charles.ibrahim@email.com'),
('P090', 'Caroline', 'Kumar', 'A90', '+60110000090', 'caroline.kumar@email.com'),
('P091', 'Christian', 'Raja', 'A91', '+60110000091', 'christian.raja@email.com'),
('P092', 'Nova', 'Krishnan', 'A92', '+60110000092', 'nova.krishnan@email.com'),
('P093', 'Hunter', 'Singh', 'A93', '+60110000093', 'hunter.singh@email.com'),
('P094', 'Genesis', 'Pillai', 'A94', '+60110000094', 'genesis.pillai@email.com'),
('P095', 'Eli', 'Yusof', 'A95', '+60110000095', 'eli.yusof@email.com'),
('P096', 'Emilia', 'Ahmad', 'A96', '+60110000096', 'emilia.ahmad@email.com'),
('P097', 'Jonathan', 'Lim', 'A97', '+60110000097', 'jonathan.lim@email.com'),
('P098', 'Kennedy', 'Tan', 'A98', '+60110000098', 'kennedy.tan@email.com'),
('P099', 'Connor', 'Goh', 'A99', '+60110000099', 'connor.goh@email.com'),
('P100', 'Samantha', 'Lee', 'A100', '+60110000100', 'samantha.lee@email.com');

-- Flights (10)
INSERT INTO `flights` (`flight_number`, `departure_time`, `destination`, `gate`, `status`, `capacity`) VALUES
('AK101', '2025-08-01 09:00:00', 'Penang', 'P4', 'On Time', 180),
('MH202', '2025-08-01 11:30:00', 'Singapore', 'Q2', 'On Time', 160),
('OD303', '2025-08-02 14:00:00', 'Bangkok', 'R1', 'On Time', 180),
('SQ404', '2025-08-02 16:45:00', 'Singapore', 'Q3', 'On Time', 220),
('TG505', '2025-08-03 08:15:00', 'Phuket', 'R5', 'On Time', 150),
('FY606', '2025-08-03 10:30:00', 'Langkawi', 'P6', 'On Time', 72),
('GA707', '2025-08-04 13:00:00', 'Jakarta', 'S1', 'On Time', 200),
('VN808', '2025-08-04 15:20:00', 'Ho Chi Minh City', 'T2', 'On Time', 180),
('PR909', '2025-08-05 07:00:00', 'Manila', 'U3', 'On Time', 190),
('CX110', '2025-08-05 18:00:00', 'Hong Kong', 'V7', 'On Time', 250);

-- Baggage Packages (5)
INSERT INTO `baggage_packages` (`package_id`, `package_name`, `additional_weight_kg`, `price`, `description`) VALUES
('BG10', 'Standard 10kg', 10, 40.00, '10kg check-in baggage allowance'),
('BG20', 'Value 20kg', 20, 75.00, '20kg check-in baggage allowance'),
('BG25', 'Extra 25kg', 25, 90.00, '25kg check-in baggage allowance'),
('BG30', 'Super 30kg', 30, 120.00, '30kg check-in baggage allowance'),
('BG40', 'Mega 40kg', 40, 180.00, '40kg check-in baggage allowance for heavy travelers');

-- Seats (Generated based on flight capacity, 6 seats per row A-F)
-- Seats for AK101 (Capacity 180 = 30 rows)
INSERT INTO `seats` (`seat_id`, `flight_number`, `seat_number`, `seat_class`, `is_premium`) VALUES
('AK101_01A', 'AK101', '01A', 'Economy', FALSE),('AK101_01B', 'AK101', '01B', 'Economy', FALSE),('AK101_01C', 'AK101', '01C', 'Economy', FALSE),('AK101_01D', 'AK101', '01D', 'Economy', FALSE),('AK101_01E', 'AK101', '01E', 'Economy', FALSE),('AK101_01F', 'AK101', '01F', 'Economy', FALSE),
('AK101_02A', 'AK101', '02A', 'Economy', FALSE),('AK101_02B', 'AK101', '02B', 'Economy', FALSE),('AK101_02C', 'AK101', '02C', 'Economy', FALSE),('AK101_02D', 'AK101', '02D', 'Economy', FALSE),('AK101_02E', 'AK101', '02E', 'Economy', FALSE),('AK101_02F', 'AK101', '02F', 'Economy', FALSE),
('AK101_03A', 'AK101', '03A', 'Economy', FALSE),('AK101_03B', 'AK101', '03B', 'Economy', FALSE),('AK101_03C', 'AK101', '03C', 'Economy', FALSE),('AK101_03D', 'AK101', '03D', 'Economy', FALSE),('AK101_03E', 'AK101', '03E', 'Economy', FALSE),('AK101_03F', 'AK101', '03F', 'Economy', FALSE),
('AK101_04A', 'AK101', '04A', 'Economy', FALSE),('AK101_04B', 'AK101', '04B', 'Economy', FALSE),('AK101_04C', 'AK101', '04C', 'Economy', FALSE),('AK101_04D', 'AK101', '04D', 'Economy', FALSE),('AK101_04E', 'AK101', '04E', 'Economy', FALSE),('AK101_04F', 'AK101', '04F', 'Economy', FALSE),
('AK101_05A', 'AK101', '05A', 'Economy', FALSE),('AK101_05B', 'AK101', '05B', 'Economy', FALSE),('AK101_05C', 'AK101', '05C', 'Economy', FALSE),('AK101_05D', 'AK101', '05D', 'Economy', FALSE),('AK101_05E', 'AK101', '05E', 'Economy', FALSE),('AK101_05F', 'AK101', '05F', 'Economy', FALSE),
('AK101_06A', 'AK101', '06A', 'Economy', FALSE),('AK101_06B', 'AK101', '06B', 'Economy', FALSE),('AK101_06C', 'AK101', '06C', 'Economy', FALSE),('AK101_06D', 'AK101', '06D', 'Economy', FALSE),('AK101_06E', 'AK101', '06E', 'Economy', FALSE),('AK101_06F', 'AK101', '06F', 'Economy', FALSE),
('AK101_07A', 'AK101', '07A', 'Economy', FALSE),('AK101_07B', 'AK101', '07B', 'Economy', FALSE),('AK101_07C', 'AK101', '07C', 'Economy', FALSE),('AK101_07D', 'AK101', '07D', 'Economy', FALSE),('AK101_07E', 'AK101', '07E', 'Economy', FALSE),('AK101_07F', 'AK101', '07F', 'Economy', FALSE),
('AK101_08A', 'AK101', '08A', 'Economy', FALSE),('AK101_08B', 'AK101', '08B', 'Economy', FALSE),('AK101_08C', 'AK101', '08C', 'Economy', FALSE),('AK101_08D', 'AK101', '08D', 'Economy', FALSE),('AK101_08E', 'AK101', '08E', 'Economy', FALSE),('AK101_08F', 'AK101', '08F', 'Economy', FALSE),
('AK101_09A', 'AK101', '09A', 'Economy', FALSE),('AK101_09B', 'AK101', '09B', 'Economy', FALSE),('AK101_09C', 'AK101', '09C', 'Economy', FALSE),('AK101_09D', 'AK101', '09D', 'Economy', FALSE),('AK101_09E', 'AK101', '09E', 'Economy', FALSE),('AK101_09F', 'AK101', '09F', 'Economy', FALSE),
('AK101_10A', 'AK101', '10A', 'Economy', FALSE),('AK101_10B', 'AK101', '10B', 'Economy', FALSE),('AK101_10C', 'AK101', '10C', 'Economy', FALSE),('AK101_10D', 'AK101', '10D', 'Economy', FALSE),('AK101_10E', 'AK101', '10E', 'Economy', FALSE),('AK101_10F', 'AK101', '10F', 'Economy', FALSE),
('AK101_11A', 'AK101', '11A', 'Economy', FALSE),('AK101_11B', 'AK101', '11B', 'Economy', FALSE),('AK101_11C', 'AK101', '11C', 'Economy', FALSE),('AK101_11D', 'AK101', '11D', 'Economy', FALSE),('AK101_11E', 'AK101', '11E', 'Economy', FALSE),('AK101_11F', 'AK101', '11F', 'Economy', FALSE),
('AK101_12A', 'AK101', '12A', 'Economy', FALSE),('AK101_12B', 'AK101', '12B', 'Economy', FALSE),('AK101_12C', 'AK101', '12C', 'Economy', FALSE),('AK101_12D', 'AK101', '12D', 'Economy', FALSE),('AK101_12E', 'AK101', '12E', 'Economy', FALSE),('AK101_12F', 'AK101', '12F', 'Economy', FALSE),
('AK101_13A', 'AK101', '13A', 'Economy', FALSE),('AK101_13B', 'AK101', '13B', 'Economy', FALSE),('AK101_13C', 'AK101', '13C', 'Economy', FALSE),('AK101_13D', 'AK101', '13D', 'Economy', FALSE),('AK101_13E', 'AK101', '13E', 'Economy', FALSE),('AK101_13F', 'AK101', '13F', 'Economy', FALSE),
('AK101_14A', 'AK101', '14A', 'Economy', FALSE),('AK101_14B', 'AK101', '14B', 'Economy', FALSE),('AK101_14C', 'AK101', '14C', 'Economy', FALSE),('AK101_14D', 'AK101', '14D', 'Economy', FALSE),('AK101_14E', 'AK101', '14E', 'Economy', FALSE),('AK101_14F', 'AK101', '14F', 'Economy', FALSE),
('AK101_15A', 'AK101', '15A', 'Economy', FALSE),('AK101_15B', 'AK101', '15B', 'Economy', FALSE),('AK101_15C', 'AK101', '15C', 'Economy', FALSE),('AK101_15D', 'AK101', '15D', 'Economy', FALSE),('AK101_15E', 'AK101', '15E', 'Economy', FALSE),('AK101_15F', 'AK101', '15F', 'Economy', FALSE),
('AK101_16A', 'AK101', '16A', 'Economy', FALSE),('AK101_16B', 'AK101', '16B', 'Economy', FALSE),('AK101_16C', 'AK101', '16C', 'Economy', FALSE),('AK101_16D', 'AK101', '16D', 'Economy', FALSE),('AK101_16E', 'AK101', '16E', 'Economy', FALSE),('AK101_16F', 'AK101', '16F', 'Economy', FALSE),
('AK101_17A', 'AK101', '17A', 'Economy', FALSE),('AK101_17B', 'AK101', '17B', 'Economy', FALSE),('AK101_17C', 'AK101', '17C', 'Economy', FALSE),('AK101_17D', 'AK101', '17D', 'Economy', FALSE),('AK101_17E', 'AK101', '17E', 'Economy', FALSE),('AK101_17F', 'AK101', '17F', 'Economy', FALSE),
('AK101_18A', 'AK101', '18A', 'Economy', FALSE),('AK101_18B', 'AK101', '18B', 'Economy', FALSE),('AK101_18C', 'AK101', '18C', 'Economy', FALSE),('AK101_18D', 'AK101', '18D', 'Economy', FALSE),('AK101_18E', 'AK101', '18E', 'Economy', FALSE),('AK101_18F', 'AK101', '18F', 'Economy', FALSE),
('AK101_19A', 'AK101', '19A', 'Economy', FALSE),('AK101_19B', 'AK101', '19B', 'Economy', FALSE),('AK101_19C', 'AK101', '19C', 'Economy', FALSE),('AK101_19D', 'AK101', '19D', 'Economy', FALSE),('AK101_19E', 'AK101', '19E', 'Economy', FALSE),('AK101_19F', 'AK101', '19F', 'Economy', FALSE),
('AK101_20A', 'AK101', '20A', 'Economy', FALSE),('AK101_20B', 'AK101', '20B', 'Economy', FALSE),('AK101_20C', 'AK101', '20C', 'Economy', FALSE),('AK101_20D', 'AK101', '20D', 'Economy', FALSE),('AK101_20E', 'AK101', '20E', 'Economy', FALSE),('AK101_20F', 'AK101', '20F', 'Economy', FALSE),
('AK101_21A', 'AK101', '21A', 'Economy', FALSE),('AK101_21B', 'AK101', '21B', 'Economy', FALSE),('AK101_21C', 'AK101', '21C', 'Economy', FALSE),('AK101_21D', 'AK101', '21D', 'Economy', FALSE),('AK101_21E', 'AK101', '21E', 'Economy', FALSE),('AK101_21F', 'AK101', '21F', 'Economy', FALSE),
('AK101_22A', 'AK101', '22A', 'Economy', FALSE),('AK101_22B', 'AK101', '22B', 'Economy', FALSE),('AK101_22C', 'AK101', '22C', 'Economy', FALSE),('AK101_22D', 'AK101', '22D', 'Economy', FALSE),('AK101_22E', 'AK101', '22E', 'Economy', FALSE),('AK101_22F', 'AK101', '22F', 'Economy', FALSE),
('AK101_23A', 'AK101', '23A', 'Economy', FALSE),('AK101_23B', 'AK101', '23B', 'Economy', FALSE),('AK101_23C', 'AK101', '23C', 'Economy', FALSE),('AK101_23D', 'AK101', '23D', 'Economy', FALSE),('AK101_23E', 'AK101', '23E', 'Economy', FALSE),('AK101_23F', 'AK101', '23F', 'Economy', FALSE),
('AK101_24A', 'AK101', '24A', 'Economy', FALSE),('AK101_24B', 'AK101', '24B', 'Economy', FALSE),('AK101_24C', 'AK101', '24C', 'Economy', FALSE),('AK101_24D', 'AK101', '24D', 'Economy', FALSE),('AK101_24E', 'AK101', '24E', 'Economy', FALSE),('AK101_24F', 'AK101', '24F', 'Economy', FALSE),
('AK101_25A', 'AK101', '25A', 'Economy', FALSE),('AK101_25B', 'AK101', '25B', 'Economy', FALSE),('AK101_25C', 'AK101', '25C', 'Economy', FALSE),('AK101_25D', 'AK101', '25D', 'Economy', FALSE),('AK101_25E', 'AK101', '25E', 'Economy', FALSE),('AK101_25F', 'AK101', '25F', 'Economy', FALSE),
('AK101_26A', 'AK101', '26A', 'Economy', FALSE),('AK101_26B', 'AK101', '26B', 'Economy', FALSE),('AK101_26C', 'AK101', '26C', 'Economy', FALSE),('AK101_26D', 'AK101', '26D', 'Economy', FALSE),('AK101_26E', 'AK101', '26E', 'Economy', FALSE),('AK101_26F', 'AK101', '26F', 'Economy', FALSE),
('AK101_27A', 'AK101', '27A', 'Economy', FALSE),('AK101_27B', 'AK101', '27B', 'Economy', FALSE),('AK101_27C', 'AK101', '27C', 'Economy', FALSE),('AK101_27D', 'AK101', '27D', 'Economy', FALSE),('AK101_27E', 'AK101', '27E', 'Economy', FALSE),('AK101_27F', 'AK101', '27F', 'Economy', FALSE),
('AK101_28A', 'AK101', '28A', 'Economy', FALSE),('AK101_28B', 'AK101', '28B', 'Economy', FALSE),('AK101_28C', 'AK101', '28C', 'Economy', FALSE),('AK101_28D', 'AK101', '28D', 'Economy', FALSE),('AK101_28E', 'AK101', '28E', 'Economy', FALSE),('AK101_28F', 'AK101', '28F', 'Economy', FALSE),
('AK101_29A', 'AK101', '29A', 'Economy', FALSE),('AK101_29B', 'AK101', '29B', 'Economy', FALSE),('AK101_29C', 'AK101', '29C', 'Economy', FALSE),('AK101_29D', 'AK101', '29D', 'Economy', FALSE),('AK101_29E', 'AK101', '29E', 'Economy', FALSE),('AK101_29F', 'AK101', '29F', 'Economy', FALSE),
('AK101_30A', 'AK101', '30A', 'Economy', FALSE),('AK101_30B', 'AK101', '30B', 'Economy', FALSE),('AK101_30C', 'AK101', '30C', 'Economy', FALSE),('AK101_30D', 'AK101', '30D', 'Economy', FALSE),('AK101_30E', 'AK101', '30E', 'Economy', FALSE),('AK101_30F', 'AK101', '30F', 'Economy', FALSE);

INSERT INTO `seats` (`seat_id`, `flight_number`, `seat_number`, `seat_class`, `is_premium`, `status`) VALUES
-- Seats for MH202 (Capacity 160)
('MH202_01A', 'MH202', '01A', 'Economy', FALSE, 'Available'),
('MH202_01B', 'MH202', '01B', 'Economy', FALSE, 'Available'),
('MH202_01C', 'MH202', '01C', 'Economy', FALSE, 'Available'),
('MH202_01D', 'MH202', '01D', 'Economy', FALSE, 'Available'),
('MH202_01E', 'MH202', '01E', 'Economy', FALSE, 'Available'),
('MH202_01F', 'MH202', '01F', 'Economy', FALSE, 'Available'),
('MH202_02A', 'MH202', '02A', 'Economy', FALSE, 'Available'),
('MH202_02B', 'MH202', '02B', 'Economy', FALSE, 'Available'),
('MH202_02C', 'MH202', '02C', 'Economy', FALSE, 'Available'),
('MH202_02D', 'MH202', '02D', 'Economy', FALSE, 'Available'),
('MH202_02E', 'MH202', '02E', 'Economy', FALSE, 'Available'),
('MH202_02F', 'MH202', '02F', 'Economy', FALSE, 'Available'),
('MH202_03A', 'MH202', '03A', 'Economy', FALSE, 'Available'),
('MH202_03B', 'MH202', '03B', 'Economy', FALSE, 'Available'),
('MH202_03C', 'MH202', '03C', 'Economy', FALSE, 'Available'),
('MH202_03D', 'MH202', '03D', 'Economy', FALSE, 'Available'),
('MH202_03E', 'MH202', '03E', 'Economy', FALSE, 'Available'),
('MH202_03F', 'MH202', '03F', 'Economy', FALSE, 'Available'),
('MH202_04A', 'MH202', '04A', 'Economy', FALSE, 'Available'),
('MH202_04B', 'MH202', '04B', 'Economy', FALSE, 'Available'),
('MH202_04C', 'MH202', '04C', 'Economy', FALSE, 'Available'),
('MH202_04D', 'MH202', '04D', 'Economy', FALSE, 'Available'),
('MH202_04E', 'MH202', '04E', 'Economy', FALSE, 'Available'),
('MH202_04F', 'MH202', '04F', 'Economy', FALSE, 'Available'),
('MH202_05A', 'MH202', '05A', 'Economy', FALSE, 'Available'),
('MH202_05B', 'MH202', '05B', 'Economy', FALSE, 'Available'),
('MH202_05C', 'MH202', '05C', 'Economy', FALSE, 'Available'),
('MH202_05D', 'MH202', '05D', 'Economy', FALSE, 'Available'),
('MH202_05E', 'MH202', '05E', 'Economy', FALSE, 'Available'),
('MH202_05F', 'MH202', '05F', 'Economy', FALSE, 'Available'),
('MH202_06A', 'MH202', '06A', 'Economy', FALSE, 'Available'),
('MH202_06B', 'MH202', '06B', 'Economy', FALSE, 'Available'),
('MH202_06C', 'MH202', '06C', 'Economy', FALSE, 'Available'),
('MH202_06D', 'MH202', '06D', 'Economy', FALSE, 'Available'),
('MH202_06E', 'MH202', '06E', 'Economy', FALSE, 'Available'),
('MH202_06F', 'MH202', '06F', 'Economy', FALSE, 'Available'),
('MH202_07A', 'MH202', '07A', 'Economy', FALSE, 'Available'),
('MH202_07B', 'MH202', '07B', 'Economy', FALSE, 'Available'),
('MH202_07C', 'MH202', '07C', 'Economy', FALSE, 'Available'),
('MH202_07D', 'MH202', '07D', 'Economy', FALSE, 'Available'),
('MH202_07E', 'MH202', '07E', 'Economy', FALSE, 'Available'),
('MH202_07F', 'MH202', '07F', 'Economy', FALSE, 'Available'),
('MH202_08A', 'MH202', '08A', 'Economy', FALSE, 'Available'),
('MH202_08B', 'MH202', '08B', 'Economy', FALSE, 'Available'),
('MH202_08C', 'MH202', '08C', 'Economy', FALSE, 'Available'),
('MH202_08D', 'MH202', '08D', 'Economy', FALSE, 'Available'),
('MH202_08E', 'MH202', '08E', 'Economy', FALSE, 'Available'),
('MH202_08F', 'MH202', '08F', 'Economy', FALSE, 'Available'),
('MH202_09A', 'MH202', '09A', 'Economy', FALSE, 'Available'),
('MH202_09B', 'MH202', '09B', 'Economy', FALSE, 'Available'),
('MH202_09C', 'MH202', '09C', 'Economy', FALSE, 'Available'),
('MH202_09D', 'MH202', '09D', 'Economy', FALSE, 'Available'),
('MH202_09E', 'MH202', '09E', 'Economy', FALSE, 'Available'),
('MH202_09F', 'MH202', '09F', 'Economy', FALSE, 'Available'),
('MH202_10A', 'MH202', '10A', 'Economy', FALSE, 'Available'),
('MH202_10B', 'MH202', '10B', 'Economy', FALSE, 'Available'),
('MH202_10C', 'MH202', '10C', 'Economy', FALSE, 'Available'),
('MH202_10D', 'MH202', '10D', 'Economy', FALSE, 'Available'),
('MH202_10E', 'MH202', '10E', 'Economy', FALSE, 'Available'),
('MH202_10F', 'MH202', '10F', 'Economy', FALSE, 'Available'),
('MH202_11A', 'MH202', '11A', 'Economy', FALSE, 'Available'),
('MH202_11B', 'MH202', '11B', 'Economy', FALSE, 'Available'),
('MH202_11C', 'MH202', '11C', 'Economy', FALSE, 'Available'),
('MH202_11D', 'MH202', '11D', 'Economy', FALSE, 'Available'),
('MH202_11E', 'MH202', '11E', 'Economy', FALSE, 'Available'),
('MH202_11F', 'MH202', '11F', 'Economy', FALSE, 'Available'),
('MH202_12A', 'MH202', '12A', 'Economy', FALSE, 'Available'),
('MH202_12B', 'MH202', '12B', 'Economy', FALSE, 'Available'),
('MH202_12C', 'MH202', '12C', 'Economy', FALSE, 'Available'),
('MH202_12D', 'MH202', '12D', 'Economy', FALSE, 'Available'),
('MH202_12E', 'MH202', '12E', 'Economy', FALSE, 'Available'),
('MH202_12F', 'MH202', '12F', 'Economy', FALSE, 'Available'),
('MH202_13A', 'MH202', '13A', 'Economy', FALSE, 'Available'),
('MH202_13B', 'MH202', '13B', 'Economy', FALSE, 'Available'),
('MH202_13C', 'MH202', '13C', 'Economy', FALSE, 'Available'),
('MH202_13D', 'MH202', '13D', 'Economy', FALSE, 'Available'),
('MH202_13E', 'MH202', '13E', 'Economy', FALSE, 'Available'),
('MH202_13F', 'MH202', '13F', 'Economy', FALSE, 'Available'),
('MH202_14A', 'MH202', '14A', 'Economy', FALSE, 'Available'),
('MH202_14B', 'MH202', '14B', 'Economy', FALSE, 'Available'),
('MH202_14C', 'MH202', '14C', 'Economy', FALSE, 'Available'),
('MH202_14D', 'MH202', '14D', 'Economy', FALSE, 'Available'),
('MH202_14E', 'MH202', '14E', 'Economy', FALSE, 'Available'),
('MH202_14F', 'MH202', '14F', 'Economy', FALSE, 'Available'),
('MH202_15A', 'MH202', '15A', 'Economy', FALSE, 'Available'),
('MH202_15B', 'MH202', '15B', 'Economy', FALSE, 'Available'),
('MH202_15C', 'MH202', '15C', 'Economy', FALSE, 'Available'),
('MH202_15D', 'MH202', '15D', 'Economy', FALSE, 'Available'),
('MH202_15E', 'MH202', '15E', 'Economy', FALSE, 'Available'),
('MH202_15F', 'MH202', '15F', 'Economy', FALSE, 'Available'),
('MH202_16A', 'MH202', '16A', 'Economy', FALSE, 'Available'),
('MH202_16B', 'MH202', '16B', 'Economy', FALSE, 'Available'),
('MH202_16C', 'MH202', '16C', 'Economy', FALSE, 'Available'),
('MH202_16D', 'MH202', '16D', 'Economy', FALSE, 'Available'),
('MH202_16E', 'MH202', '16E', 'Economy', FALSE, 'Available'),
('MH202_16F', 'MH202', '16F', 'Economy', FALSE, 'Available'),
('MH202_17A', 'MH202', '17A', 'Economy', FALSE, 'Available'),
('MH202_17B', 'MH202', '17B', 'Economy', FALSE, 'Available'),
('MH202_17C', 'MH202', '17C', 'Economy', FALSE, 'Available'),
('MH202_17D', 'MH202', '17D', 'Economy', FALSE, 'Available'),
('MH202_17E', 'MH202', '17E', 'Economy', FALSE, 'Available'),
('MH202_17F', 'MH202', '17F', 'Economy', FALSE, 'Available'),
('MH202_18A', 'MH202', '18A', 'Economy', FALSE, 'Available'),
('MH202_18B', 'MH202', '18B', 'Economy', FALSE, 'Available'),
('MH202_18C', 'MH202', '18C', 'Economy', FALSE, 'Available'),
('MH202_18D', 'MH202', '18D', 'Economy', FALSE, 'Available'),
('MH202_18E', 'MH202', '18E', 'Economy', FALSE, 'Available'),
('MH202_18F', 'MH202', '18F', 'Economy', FALSE, 'Available'),
('MH202_19A', 'MH202', '19A', 'Economy', FALSE, 'Available'),
('MH202_19B', 'MH202', '19B', 'Economy', FALSE, 'Available'),
('MH202_19C', 'MH202', '19C', 'Economy', FALSE, 'Available'),
('MH202_19D', 'MH202', '19D', 'Economy', FALSE, 'Available'),
('MH202_19E', 'MH202', '19E', 'Economy', FALSE, 'Available'),
('MH202_19F', 'MH202', '19F', 'Economy', FALSE, 'Available'),
('MH202_20A', 'MH202', '20A', 'Economy', FALSE, 'Available'),
('MH202_20B', 'MH202', '20B', 'Economy', FALSE, 'Available'),
('MH202_20C', 'MH202', '20C', 'Economy', FALSE, 'Available'),
('MH202_20D', 'MH202', '20D', 'Economy', FALSE, 'Available'),
('MH202_20E', 'MH202', '20E', 'Economy', FALSE, 'Available'),
('MH202_20F', 'MH202', '20F', 'Economy', FALSE, 'Available'),
('MH202_21A', 'MH202', '21A', 'Economy', FALSE, 'Available'),
('MH202_21B', 'MH202', '21B', 'Economy', FALSE, 'Available'),
('MH202_21C', 'MH202', '21C', 'Economy', FALSE, 'Available'),
('MH202_21D', 'MH202', '21D', 'Economy', FALSE, 'Available'),
('MH202_21E', 'MH202', '21E', 'Economy', FALSE, 'Available'),
('MH202_21F', 'MH202', '21F', 'Economy', FALSE, 'Available'),
('MH202_22A', 'MH202', '22A', 'Economy', FALSE, 'Available'),
('MH202_22B', 'MH202', '22B', 'Economy', FALSE, 'Available'),
('MH202_22C', 'MH202', '22C', 'Economy', FALSE, 'Available'),
('MH202_22D', 'MH202', '22D', 'Economy', FALSE, 'Available'),
('MH202_22E', 'MH202', '22E', 'Economy', FALSE, 'Available'),
('MH202_22F', 'MH202', '22F', 'Economy', FALSE, 'Available'),
('MH202_23A', 'MH202', '23A', 'Economy', FALSE, 'Available'),
('MH202_23B', 'MH202', '23B', 'Economy', FALSE, 'Available'),
('MH202_23C', 'MH202', '23C', 'Economy', FALSE, 'Available'),
('MH202_23D', 'MH202', '23D', 'Economy', FALSE, 'Available'),
('MH202_23E', 'MH202', '23E', 'Economy', FALSE, 'Available'),
('MH202_23F', 'MH202', '23F', 'Economy', FALSE, 'Available'),
('MH202_24A', 'MH202', '24A', 'Economy', FALSE, 'Available'),
('MH202_24B', 'MH202', '24B', 'Economy', FALSE, 'Available'),
('MH202_24C', 'MH202', '24C', 'Economy', FALSE, 'Available'),
('MH202_24D', 'MH202', '24D', 'Economy', FALSE, 'Available'),
('MH202_24E', 'MH202', '24E', 'Economy', FALSE, 'Available'),
('MH202_24F', 'MH202', '24F', 'Economy', FALSE, 'Available'),
('MH202_25A', 'MH202', '25A', 'Economy', FALSE, 'Available'),
('MH202_25B', 'MH202', '25B', 'Economy', FALSE, 'Available'),
('MH202_25C', 'MH202', '25C', 'Economy', FALSE, 'Available'),
('MH202_25D', 'MH202', '25D', 'Economy', FALSE, 'Available'),
('MH202_25E', 'MH202', '25E', 'Economy', FALSE, 'Available'),
('MH202_25F', 'MH202', '25F', 'Economy', FALSE, 'Available'),
('MH202_26A', 'MH202', '26A', 'Economy', FALSE, 'Available'),
('MH202_26B', 'MH202', '26B', 'Economy', FALSE, 'Available'),
('MH202_26C', 'MH202', '26C', 'Economy', FALSE, 'Available'),
('MH202_26D', 'MH202', '26D', 'Economy', FALSE, 'Available'),
('MH202_26E', 'MH202', '26E', 'Economy', FALSE, 'Available'),
('MH202_26F', 'MH202', '26F', 'Economy', FALSE, 'Available'),
('MH202_27A', 'MH202', '27A', 'Economy', FALSE, 'Available'),
('MH202_27B', 'MH202', '27B', 'Economy', FALSE, 'Available'),
('MH202_27C', 'MH202', '27C', 'Economy', FALSE, 'Available'),
('MH202_27D', 'MH202', '27D', 'Economy', FALSE, 'Available'),

-- Seats for OD303 (Capacity 180)
('OD303_01A', 'OD303', '01A', 'Economy', FALSE, 'Available'),
('OD303_01B', 'OD303', '01B', 'Economy', FALSE, 'Available'),
('OD303_01C', 'OD303', '01C', 'Economy', FALSE, 'Available'),
('OD303_01D', 'OD303', '01D', 'Economy', FALSE, 'Available'),
('OD303_01E', 'OD303', '01E', 'Economy', FALSE, 'Available'),
('OD303_01F', 'OD303', '01F', 'Economy', FALSE, 'Available'),
('OD303_02A', 'OD303', '02A', 'Economy', FALSE, 'Available'),
('OD303_02B', 'OD303', '02B', 'Economy', FALSE, 'Available'),
('OD303_02C', 'OD303', '02C', 'Economy', FALSE, 'Available'),
('OD303_02D', 'OD303', '02D', 'Economy', FALSE, 'Available'),
('OD303_02E', 'OD303', '02E', 'Economy', FALSE, 'Available'),
('OD303_02F', 'OD303', '02F', 'Economy', FALSE, 'Available'),
('OD303_03A', 'OD303', '03A', 'Economy', FALSE, 'Available'),
('OD303_03B', 'OD303', '03B', 'Economy', FALSE, 'Available'),
('OD303_03C', 'OD303', '03C', 'Economy', FALSE, 'Available'),
('OD303_03D', 'OD303', '03D', 'Economy', FALSE, 'Available'),
('OD303_03E', 'OD303', '03E', 'Economy', FALSE, 'Available'),
('OD303_03F', 'OD303', '03F', 'Economy', FALSE, 'Available'),
('OD303_04A', 'OD303', '04A', 'Economy', FALSE, 'Available'),
('OD303_04B', 'OD303', '04B', 'Economy', FALSE, 'Available'),
('OD303_04C', 'OD303', '04C', 'Economy', FALSE, 'Available'),
('OD303_04D', 'OD303', '04D', 'Economy', FALSE, 'Available'),
('OD303_04E', 'OD303', '04E', 'Economy', FALSE, 'Available'),
('OD303_04F', 'OD303', '04F', 'Economy', FALSE, 'Available'),
('OD303_05A', 'OD303', '05A', 'Economy', FALSE, 'Available'),
('OD303_05B', 'OD303', '05B', 'Economy', FALSE, 'Available'),
('OD303_05C', 'OD303', '05C', 'Economy', FALSE, 'Available'),
('OD303_05D', 'OD303', '05D', 'Economy', FALSE, 'Available'),
('OD303_05E', 'OD303', '05E', 'Economy', FALSE, 'Available'),
('OD303_05F', 'OD303', '05F', 'Economy', FALSE, 'Available'),
('OD303_06A', 'OD303', '06A', 'Economy', FALSE, 'Available'),
('OD303_06B', 'OD303', '06B', 'Economy', FALSE, 'Available'),
('OD303_06C', 'OD303', '06C', 'Economy', FALSE, 'Available'),
('OD303_06D', 'OD303', '06D', 'Economy', FALSE, 'Available'),
('OD303_06E', 'OD303', '06E', 'Economy', FALSE, 'Available'),
('OD303_06F', 'OD303', '06F', 'Economy', FALSE, 'Available'),
('OD303_07A', 'OD303', '07A', 'Economy', FALSE, 'Available'),
('OD303_07B', 'OD303', '07B', 'Economy', FALSE, 'Available'),
('OD303_07C', 'OD303', '07C', 'Economy', FALSE, 'Available'),
('OD303_07D', 'OD303', '07D', 'Economy', FALSE, 'Available'),
('OD303_07E', 'OD303', '07E', 'Economy', FALSE, 'Available'),
('OD303_07F', 'OD303', '07F', 'Economy', FALSE, 'Available'),
('OD303_08A', 'OD303', '08A', 'Economy', FALSE, 'Available'),
('OD303_08B', 'OD303', '08B', 'Economy', FALSE, 'Available'),
('OD303_08C', 'OD303', '08C', 'Economy', FALSE, 'Available'),
('OD303_08D', 'OD303', '08D', 'Economy', FALSE, 'Available'),
('OD303_08E', 'OD303', '08E', 'Economy', FALSE, 'Available'),
('OD303_08F', 'OD303', '08F', 'Economy', FALSE, 'Available'),
('OD303_09A', 'OD303', '09A', 'Economy', FALSE, 'Available'),
('OD303_09B', 'OD303', '09B', 'Economy', FALSE, 'Available'),
('OD303_09C', 'OD303', '09C', 'Economy', FALSE, 'Available'),
('OD303_09D', 'OD303', '09D', 'Economy', FALSE, 'Available'),
('OD303_09E', 'OD303', '09E', 'Economy', FALSE, 'Available'),
('OD303_09F', 'OD303', '09F', 'Economy', FALSE, 'Available'),
('OD303_10A', 'OD303', '10A', 'Economy', FALSE, 'Available'),
('OD303_10B', 'OD303', '10B', 'Economy', FALSE, 'Available'),
('OD303_10C', 'OD303', '10C', 'Economy', FALSE, 'Available'),
('OD303_10D', 'OD303', '10D', 'Economy', FALSE, 'Available'),
('OD303_10E', 'OD303', '10E', 'Economy', FALSE, 'Available'),
('OD303_10F', 'OD303', '10F', 'Economy', FALSE, 'Available'),
('OD303_11A', 'OD303', '11A', 'Economy', FALSE, 'Available'),
('OD303_11B', 'OD303', '11B', 'Economy', FALSE, 'Available'),
('OD303_11C', 'OD303', '11C', 'Economy', FALSE, 'Available'),
('OD303_11D', 'OD303', '11D', 'Economy', FALSE, 'Available'),
('OD303_11E', 'OD303', '11E', 'Economy', FALSE, 'Available'),
('OD303_11F', 'OD303', '11F', 'Economy', FALSE, 'Available'),
('OD303_12A', 'OD303', '12A', 'Economy', FALSE, 'Available'),
('OD303_12B', 'OD303', '12B', 'Economy', FALSE, 'Available'),
('OD303_12C', 'OD303', '12C', 'Economy', FALSE, 'Available'),
('OD303_12D', 'OD303', '12D', 'Economy', FALSE, 'Available'),
('OD303_12E', 'OD303', '12E', 'Economy', FALSE, 'Available'),
('OD303_12F', 'OD303', '12F', 'Economy', FALSE, 'Available'),
('OD303_13A', 'OD303', '13A', 'Economy', FALSE, 'Available'),
('OD303_13B', 'OD303', '13B', 'Economy', FALSE, 'Available'),
('OD303_13C', 'OD303', '13C', 'Economy', FALSE, 'Available'),
('OD303_13D', 'OD303', '13D', 'Economy', FALSE, 'Available'),
('OD303_13E', 'OD303', '13E', 'Economy', FALSE, 'Available'),
('OD303_13F', 'OD303', '13F', 'Economy', FALSE, 'Available'),
('OD303_14A', 'OD303', '14A', 'Economy', FALSE, 'Available'),
('OD303_14B', 'OD303', '14B', 'Economy', FALSE, 'Available'),
('OD303_14C', 'OD303', '14C', 'Economy', FALSE, 'Available'),
('OD303_14D', 'OD303', '14D', 'Economy', FALSE, 'Available'),
('OD303_14E', 'OD303', '14E', 'Economy', FALSE, 'Available'),
('OD303_14F', 'OD303', '14F', 'Economy', FALSE, 'Available'),
('OD303_15A', 'OD303', '15A', 'Economy', FALSE, 'Available'),
('OD303_15B', 'OD303', '15B', 'Economy', FALSE, 'Available'),
('OD303_15C', 'OD303', '15C', 'Economy', FALSE, 'Available'),
('OD303_15D', 'OD303', '15D', 'Economy', FALSE, 'Available'),
('OD303_15E', 'OD303', '15E', 'Economy', FALSE, 'Available'),
('OD303_15F', 'OD303', '15F', 'Economy', FALSE, 'Available'),
('OD303_16A', 'OD303', '16A', 'Economy', FALSE, 'Available'),
('OD303_16B', 'OD303', '16B', 'Economy', FALSE, 'Available'),
('OD303_16C', 'OD303', '16C', 'Economy', FALSE, 'Available'),
('OD303_16D', 'OD303', '16D', 'Economy', FALSE, 'Available'),
('OD303_16E', 'OD303', '16E', 'Economy', FALSE, 'Available'),
('OD303_16F', 'OD303', '16F', 'Economy', FALSE, 'Available'),
('OD303_17A', 'OD303', '17A', 'Economy', FALSE, 'Available'),
('OD303_17B', 'OD303', '17B', 'Economy', FALSE, 'Available'),
('OD303_17C', 'OD303', '17C', 'Economy', FALSE, 'Available'),
('OD303_17D', 'OD303', '17D', 'Economy', FALSE, 'Available'),
('OD303_17E', 'OD303', '17E', 'Economy', FALSE, 'Available'),
('OD303_17F', 'OD303', '17F', 'Economy', FALSE, 'Available'),
('OD303_18A', 'OD303', '18A', 'Economy', FALSE, 'Available'),
('OD303_18B', 'OD303', '18B', 'Economy', FALSE, 'Available'),
('OD303_18C', 'OD303', '18C', 'Economy', FALSE, 'Available'),
('OD303_18D', 'OD303', '18D', 'Economy', FALSE, 'Available'),
('OD303_18E', 'OD303', '18E', 'Economy', FALSE, 'Available'),
('OD303_18F', 'OD303', '18F', 'Economy', FALSE, 'Available'),
('OD303_19A', 'OD303', '19A', 'Economy', FALSE, 'Available'),
('OD303_19B', 'OD303', '19B', 'Economy', FALSE, 'Available'),
('OD303_19C', 'OD303', '19C', 'Economy', FALSE, 'Available'),
('OD303_19D', 'OD303', '19D', 'Economy', FALSE, 'Available'),
('OD303_19E', 'OD303', '19E', 'Economy', FALSE, 'Available'),
('OD303_19F', 'OD303', '19F', 'Economy', FALSE, 'Available'),
('OD303_20A', 'OD303', '20A', 'Economy', FALSE, 'Available'),
('OD303_20B', 'OD303', '20B', 'Economy', FALSE, 'Available'),
('OD303_20C', 'OD303', '20C', 'Economy', FALSE, 'Available'),
('OD303_20D', 'OD303', '20D', 'Economy', FALSE, 'Available'),
('OD303_20E', 'OD303', '20E', 'Economy', FALSE, 'Available'),
('OD303_20F', 'OD303', '20F', 'Economy', FALSE, 'Available'),
('OD303_21A', 'OD303', '21A', 'Economy', FALSE, 'Available'),
('OD303_21B', 'OD303', '21B', 'Economy', FALSE, 'Available'),
('OD303_21C', 'OD303', '21C', 'Economy', FALSE, 'Available'),
('OD303_21D', 'OD303', '21D', 'Economy', FALSE, 'Available'),
('OD303_21E', 'OD303', '21E', 'Economy', FALSE, 'Available'),
('OD303_21F', 'OD303', '21F', 'Economy', FALSE, 'Available'),
('OD303_22A', 'OD303', '22A', 'Economy', FALSE, 'Available'),
('OD303_22B', 'OD303', '22B', 'Economy', FALSE, 'Available'),
('OD303_22C', 'OD303', '22C', 'Economy', FALSE, 'Available'),
('OD303_22D', 'OD303', '22D', 'Economy', FALSE, 'Available'),
('OD303_22E', 'OD303', '22E', 'Economy', FALSE, 'Available'),
('OD303_22F', 'OD303', '22F', 'Economy', FALSE, 'Available'),
('OD303_23A', 'OD303', '23A', 'Economy', FALSE, 'Available'),
('OD303_23B', 'OD303', '23B', 'Economy', FALSE, 'Available'),
('OD303_23C', 'OD303', '23C', 'Economy', FALSE, 'Available'),
('OD303_23D', 'OD303', '23D', 'Economy', FALSE, 'Available'),
('OD303_23E', 'OD303', '23E', 'Economy', FALSE, 'Available'),
('OD303_23F', 'OD303', '23F', 'Economy', FALSE, 'Available'),
('OD303_24A', 'OD303', '24A', 'Economy', FALSE, 'Available'),
('OD303_24B', 'OD303', '24B', 'Economy', FALSE, 'Available'),
('OD303_24C', 'OD303', '24C', 'Economy', FALSE, 'Available'),
('OD303_24D', 'OD303', '24D', 'Economy', FALSE, 'Available'),
('OD303_24E', 'OD303', '24E', 'Economy', FALSE, 'Available'),
('OD303_24F', 'OD303', '24F', 'Economy', FALSE, 'Available'),
('OD303_25A', 'OD303', '25A', 'Economy', FALSE, 'Available'),
('OD303_25B', 'OD303', '25B', 'Economy', FALSE, 'Available'),
('OD303_25C', 'OD303', '25C', 'Economy', FALSE, 'Available'),
('OD303_25D', 'OD303', '25D', 'Economy', FALSE, 'Available'),
('OD303_25E', 'OD303', '25E', 'Economy', FALSE, 'Available'),
('OD303_25F', 'OD303', '25F', 'Economy', FALSE, 'Available'),
('OD303_26A', 'OD303', '26A', 'Economy', FALSE, 'Available'),
('OD303_26B', 'OD303', '26B', 'Economy', FALSE, 'Available'),
('OD303_26C', 'OD303', '26C', 'Economy', FALSE, 'Available'),
('OD303_26D', 'OD303', '26D', 'Economy', FALSE, 'Available'),
('OD303_26E', 'OD303', '26E', 'Economy', FALSE, 'Available'),
('OD303_26F', 'OD303', '26F', 'Economy', FALSE, 'Available'),
('OD303_27A', 'OD303', '27A', 'Economy', FALSE, 'Available'),
('OD303_27B', 'OD303', '27B', 'Economy', FALSE, 'Available'),
('OD303_27C', 'OD303', '27C', 'Economy', FALSE, 'Available'),
('OD303_27D', 'OD303', '27D', 'Economy', FALSE, 'Available'),
('OD303_27E', 'OD303', '27E', 'Economy', FALSE, 'Available'),
('OD303_27F', 'OD303', '27F', 'Economy', FALSE, 'Available'),
('OD303_28A', 'OD303', '28A', 'Economy', FALSE, 'Available'),
('OD303_28B', 'OD303', '28B', 'Economy', FALSE, 'Available'),
('OD303_28C', 'OD303', '28C', 'Economy', FALSE, 'Available'),
('OD303_28D', 'OD303', '28D', 'Economy', FALSE, 'Available'),
('OD303_28E', 'OD303', '28E', 'Economy', FALSE, 'Available'),
('OD303_28F', 'OD303', '28F', 'Economy', FALSE, 'Available'),
('OD303_29A', 'OD303', '29A', 'Economy', FALSE, 'Available'),
('OD303_29B', 'OD303', '29B', 'Economy', FALSE, 'Available'),
('OD303_29C', 'OD303', '29C', 'Economy', FALSE, 'Available'),
('OD303_29D', 'OD303', '29D', 'Economy', FALSE, 'Available'),
('OD303_29E', 'OD303', '29E', 'Economy', FALSE, 'Available'),
('OD303_29F', 'OD303', '29F', 'Economy', FALSE, 'Available'),
('OD303_30A', 'OD303', '30A', 'Economy', FALSE, 'Available'),
('OD303_30B', 'OD303', '30B', 'Economy', FALSE, 'Available'),
('OD303_30C', 'OD303', '30C', 'Economy', FALSE, 'Available'),
('OD303_30D', 'OD303', '30D', 'Economy', FALSE, 'Available'),
('OD303_30E', 'OD303', '30E', 'Economy', FALSE, 'Available'),
('OD303_30F', 'OD303', '30F', 'Economy', FALSE, 'Available'),

-- Seats for SQ404 (Capacity 220)
('SQ404_01A', 'SQ404', '01A', 'Economy', FALSE, 'Available'),
('SQ404_01B', 'SQ404', '01B', 'Economy', FALSE, 'Available'),
('SQ404_01C', 'SQ404', '01C', 'Economy', FALSE, 'Available'),
('SQ404_01D', 'SQ404', '01D', 'Economy', FALSE, 'Available'),
('SQ404_01E', 'SQ404', '01E', 'Economy', FALSE, 'Available'),
('SQ404_01F', 'SQ404', '01F', 'Economy', FALSE, 'Available'),
('SQ404_02A', 'SQ404', '02A', 'Economy', FALSE, 'Available'),
('SQ404_02B', 'SQ404', '02B', 'Economy', FALSE, 'Available'),
('SQ404_02C', 'SQ404', '02C', 'Economy', FALSE, 'Available'),
('SQ404_02D', 'SQ404', '02D', 'Economy', FALSE, 'Available'),
('SQ404_02E', 'SQ404', '02E', 'Economy', FALSE, 'Available'),
('SQ404_02F', 'SQ404', '02F', 'Economy', FALSE, 'Available'),
('SQ404_03A', 'SQ404', '03A', 'Economy', FALSE, 'Available'),
('SQ404_03B', 'SQ404', '03B', 'Economy', FALSE, 'Available'),
('SQ404_03C', 'SQ404', '03C', 'Economy', FALSE, 'Available'),
('SQ404_03D', 'SQ404', '03D', 'Economy', FALSE, 'Available'),
('SQ404_03E', 'SQ404', '03E', 'Economy', FALSE, 'Available'),
('SQ404_03F', 'SQ404', '03F', 'Economy', FALSE, 'Available'),
('SQ404_04A', 'SQ404', '04A', 'Economy', FALSE, 'Available'),
('SQ404_04B', 'SQ404', '04B', 'Economy', FALSE, 'Available'),
('SQ404_04C', 'SQ404', '04C', 'Economy', FALSE, 'Available'),
('SQ404_04D', 'SQ404', '04D', 'Economy', FALSE, 'Available'),
('SQ404_04E', 'SQ404', '04E', 'Economy', FALSE, 'Available'),
('SQ404_04F', 'SQ404', '04F', 'Economy', FALSE, 'Available'),
('SQ404_05A', 'SQ404', '05A', 'Economy', FALSE, 'Available'),
('SQ404_05B', 'SQ404', '05B', 'Economy', FALSE, 'Available'),
('SQ404_05C', 'SQ404', '05C', 'Economy', FALSE, 'Available'),
('SQ404_05D', 'SQ404', '05D', 'Economy', FALSE, 'Available'),
('SQ404_05E', 'SQ404', '05E', 'Economy', FALSE, 'Available'),
('SQ404_05F', 'SQ404', '05F', 'Economy', FALSE, 'Available'),
('SQ404_06A', 'SQ404', '06A', 'Economy', FALSE, 'Available'),
('SQ404_06B', 'SQ404', '06B', 'Economy', FALSE, 'Available'),
('SQ404_06C', 'SQ404', '06C', 'Economy', FALSE, 'Available'),
('SQ404_06D', 'SQ404', '06D', 'Economy', FALSE, 'Available'),
('SQ404_06E', 'SQ404', '06E', 'Economy', FALSE, 'Available'),
('SQ404_06F', 'SQ404', '06F', 'Economy', FALSE, 'Available'),
('SQ404_07A', 'SQ404', '07A', 'Economy', FALSE, 'Available'),
('SQ404_07B', 'SQ404', '07B', 'Economy', FALSE, 'Available'),
('SQ404_07C', 'SQ404', '07C', 'Economy', FALSE, 'Available'),
('SQ404_07D', 'SQ404', '07D', 'Economy', FALSE, 'Available'),
('SQ404_07E', 'SQ404', '07E', 'Economy', FALSE, 'Available'),
('SQ404_07F', 'SQ404', '07F', 'Economy', FALSE, 'Available'),
('SQ404_08A', 'SQ404', '08A', 'Economy', FALSE, 'Available'),
('SQ404_08B', 'SQ404', '08B', 'Economy', FALSE, 'Available'),
('SQ404_08C', 'SQ404', '08C', 'Economy', FALSE, 'Available'),
('SQ404_08D', 'SQ404', '08D', 'Economy', FALSE, 'Available'),
('SQ404_08E', 'SQ404', '08E', 'Economy', FALSE, 'Available'),
('SQ404_08F', 'SQ404', '08F', 'Economy', FALSE, 'Available'),
('SQ404_09A', 'SQ404', '09A', 'Economy', FALSE, 'Available'),
('SQ404_09B', 'SQ404', '09B', 'Economy', FALSE, 'Available'),
('SQ404_09C', 'SQ404', '09C', 'Economy', FALSE, 'Available'),
('SQ404_09D', 'SQ404', '09D', 'Economy', FALSE, 'Available'),
('SQ404_09E', 'SQ404', '09E', 'Economy', FALSE, 'Available'),
('SQ404_09F', 'SQ404', '09F', 'Economy', FALSE, 'Available'),
('SQ404_10A', 'SQ404', '10A', 'Economy', FALSE, 'Available'),
('SQ404_10B', 'SQ404', '10B', 'Economy', FALSE, 'Available'),
('SQ404_10C', 'SQ404', '10C', 'Economy', FALSE, 'Available'),
('SQ404_10D', 'SQ404', '10D', 'Economy', FALSE, 'Available'),
('SQ404_10E', 'SQ404', '10E', 'Economy', FALSE, 'Available'),
('SQ404_10F', 'SQ404', '10F', 'Economy', FALSE, 'Available'),
('SQ404_11A', 'SQ404', '11A', 'Economy', FALSE, 'Available'),
('SQ404_11B', 'SQ404', '11B', 'Economy', FALSE, 'Available'),
('SQ404_11C', 'SQ404', '11C', 'Economy', FALSE, 'Available'),
('SQ404_11D', 'SQ404', '11D', 'Economy', FALSE, 'Available'),
('SQ404_11E', 'SQ404', '11E', 'Economy', FALSE, 'Available'),
('SQ404_11F', 'SQ404', '11F', 'Economy', FALSE, 'Available'),
('SQ404_12A', 'SQ404', '12A', 'Economy', FALSE, 'Available'),
('SQ404_12B', 'SQ404', '12B', 'Economy', FALSE, 'Available'),
('SQ404_12C', 'SQ404', '12C', 'Economy', FALSE, 'Available'),
('SQ404_12D', 'SQ404', '12D', 'Economy', FALSE, 'Available'),
('SQ404_12E', 'SQ404', '12E', 'Economy', FALSE, 'Available'),
('SQ404_12F', 'SQ404', '12F', 'Economy', FALSE, 'Available'),
('SQ404_13A', 'SQ404', '13A', 'Economy', FALSE, 'Available'),
('SQ404_13B', 'SQ404', '13B', 'Economy', FALSE, 'Available'),
('SQ404_13C', 'SQ404', '13C', 'Economy', FALSE, 'Available'),
('SQ404_13D', 'SQ404', '13D', 'Economy', FALSE, 'Available'),
('SQ404_13E', 'SQ404', '13E', 'Economy', FALSE, 'Available'),
('SQ404_13F', 'SQ404', '13F', 'Economy', FALSE, 'Available'),
('SQ404_14A', 'SQ404', '14A', 'Economy', FALSE, 'Available'),
('SQ404_14B', 'SQ404', '14B', 'Economy', FALSE, 'Available'),
('SQ404_14C', 'SQ404', '14C', 'Economy', FALSE, 'Available'),
('SQ404_14D', 'SQ404', '14D', 'Economy', FALSE, 'Available'),
('SQ404_14E', 'SQ404', '14E', 'Economy', FALSE, 'Available'),
('SQ404_14F', 'SQ404', '14F', 'Economy', FALSE, 'Available'),
('SQ404_15A', 'SQ404', '15A', 'Economy', FALSE, 'Available'),
('SQ404_15B', 'SQ404', '15B', 'Economy', FALSE, 'Available'),
('SQ404_15C', 'SQ404', '15C', 'Economy', FALSE, 'Available'),
('SQ404_15D', 'SQ404', '15D', 'Economy', FALSE, 'Available'),
('SQ404_15E', 'SQ404', '15E', 'Economy', FALSE, 'Available'),
('SQ404_15F', 'SQ404', '15F', 'Economy', FALSE, 'Available'),
('SQ404_16A', 'SQ404', '16A', 'Economy', FALSE, 'Available'),
('SQ404_16B', 'SQ404', '16B', 'Economy', FALSE, 'Available'),
('SQ404_16C', 'SQ404', '16C', 'Economy', FALSE, 'Available'),
('SQ404_16D', 'SQ404', '16D', 'Economy', FALSE, 'Available'),
('SQ404_16E', 'SQ404', '16E', 'Economy', FALSE, 'Available'),
('SQ404_16F', 'SQ404', '16F', 'Economy', FALSE, 'Available'),
('SQ404_17A', 'SQ404', '17A', 'Economy', FALSE, 'Available'),
('SQ404_17B', 'SQ404', '17B', 'Economy', FALSE, 'Available'),
('SQ404_17C', 'SQ404', '17C', 'Economy', FALSE, 'Available'),
('SQ404_17D', 'SQ404', '17D', 'Economy', FALSE, 'Available'),
('SQ404_17E', 'SQ404', '17E', 'Economy', FALSE, 'Available'),
('SQ404_17F', 'SQ404', '17F', 'Economy', FALSE, 'Available'),
('SQ404_18A', 'SQ404', '18A', 'Economy', FALSE, 'Available'),
('SQ404_18B', 'SQ404', '18B', 'Economy', FALSE, 'Available'),
('SQ404_18C', 'SQ404', '18C', 'Economy', FALSE, 'Available'),
('SQ404_18D', 'SQ404', '18D', 'Economy', FALSE, 'Available'),
('SQ404_18E', 'SQ404', '18E', 'Economy', FALSE, 'Available'),
('SQ404_18F', 'SQ404', '18F', 'Economy', FALSE, 'Available'),
('SQ404_19A', 'SQ404', '19A', 'Economy', FALSE, 'Available'),
('SQ404_19B', 'SQ404', '19B', 'Economy', FALSE, 'Available'),
('SQ404_19C', 'SQ404', '19C', 'Economy', FALSE, 'Available'),
('SQ404_19D', 'SQ404', '19D', 'Economy', FALSE, 'Available'),
('SQ404_19E', 'SQ404', '19E', 'Economy', FALSE, 'Available'),
('SQ404_19F', 'SQ404', '19F', 'Economy', FALSE, 'Available'),
('SQ404_20A', 'SQ404', '20A', 'Economy', FALSE, 'Available'),
('SQ404_20B', 'SQ404', '20B', 'Economy', FALSE, 'Available'),
('SQ404_20C', 'SQ404', '20C', 'Economy', FALSE, 'Available'),
('SQ404_20D', 'SQ404', '20D', 'Economy', FALSE, 'Available'),
('SQ404_20E', 'SQ404', '20E', 'Economy', FALSE, 'Available'),
('SQ404_20F', 'SQ404', '20F', 'Economy', FALSE, 'Available'),
('SQ404_21A', 'SQ404', '21A', 'Economy', FALSE, 'Available'),
('SQ404_21B', 'SQ404', '21B', 'Economy', FALSE, 'Available'),
('SQ404_21C', 'SQ404', '21C', 'Economy', FALSE, 'Available'),
('SQ404_21D', 'SQ404', '21D', 'Economy', FALSE, 'Available'),
('SQ404_21E', 'SQ404', '21E', 'Economy', FALSE, 'Available'),
('SQ404_21F', 'SQ404', '21F', 'Economy', FALSE, 'Available'),
('SQ404_22A', 'SQ404', '22A', 'Economy', FALSE, 'Available'),
('SQ404_22B', 'SQ404', '22B', 'Economy', FALSE, 'Available'),
('SQ404_22C', 'SQ404', '22C', 'Economy', FALSE, 'Available'),
('SQ404_22D', 'SQ404', '22D', 'Economy', FALSE, 'Available'),
('SQ404_22E', 'SQ404', '22E', 'Economy', FALSE, 'Available'),
('SQ404_22F', 'SQ404', '22F', 'Economy', FALSE, 'Available'),
('SQ404_23A', 'SQ404', '23A', 'Economy', FALSE, 'Available'),
('SQ404_23B', 'SQ404', '23B', 'Economy', FALSE, 'Available'),
('SQ404_23C', 'SQ404', '23C', 'Economy', FALSE, 'Available'),
('SQ404_23D', 'SQ404', '23D', 'Economy', FALSE, 'Available'),
('SQ404_23E', 'SQ404', '23E', 'Economy', FALSE, 'Available'),
('SQ404_23F', 'SQ404', '23F', 'Economy', FALSE, 'Available'),
('SQ404_24A', 'SQ404', '24A', 'Economy', FALSE, 'Available'),
('SQ404_24B', 'SQ404', '24B', 'Economy', FALSE, 'Available'),
('SQ404_24C', 'SQ404', '24C', 'Economy', FALSE, 'Available'),
('SQ404_24D', 'SQ404', '24D', 'Economy', FALSE, 'Available'),
('SQ404_24E', 'SQ404', '24E', 'Economy', FALSE, 'Available'),
('SQ404_24F', 'SQ404', '24F', 'Economy', FALSE, 'Available'),
('SQ404_25A', 'SQ404', '25A', 'Economy', FALSE, 'Available'),
('SQ404_25B', 'SQ404', '25B', 'Economy', FALSE, 'Available'),
('SQ404_25C', 'SQ404', '25C', 'Economy', FALSE, 'Available'),
('SQ404_25D', 'SQ404', '25D', 'Economy', FALSE, 'Available'),
('SQ404_25E', 'SQ404', '25E', 'Economy', FALSE, 'Available'),
('SQ404_25F', 'SQ404', '25F', 'Economy', FALSE, 'Available'),
('SQ404_26A', 'SQ404', '26A', 'Economy', FALSE, 'Available'),
('SQ404_26B', 'SQ404', '26B', 'Economy', FALSE, 'Available'),
('SQ404_26C', 'SQ404', '26C', 'Economy', FALSE, 'Available'),
('SQ404_26D', 'SQ404', '26D', 'Economy', FALSE, 'Available'),
('SQ404_26E', 'SQ404', '26E', 'Economy', FALSE, 'Available'),
('SQ404_26F', 'SQ404', '26F', 'Economy', FALSE, 'Available'),
('SQ404_27A', 'SQ404', '27A', 'Economy', FALSE, 'Available'),
('SQ404_27B', 'SQ404', '27B', 'Economy', FALSE, 'Available'),
('SQ404_27C', 'SQ404', '27C', 'Economy', FALSE, 'Available'),
('SQ404_27D', 'SQ404', '27D', 'Economy', FALSE, 'Available'),
('SQ404_27E', 'SQ404', '27E', 'Economy', FALSE, 'Available'),
('SQ404_27F', 'SQ404', '27F', 'Economy', FALSE, 'Available'),
('SQ404_28A', 'SQ404', '28A', 'Economy', FALSE, 'Available'),
('SQ404_28B', 'SQ404', '28B', 'Economy', FALSE, 'Available'),
('SQ404_28C', 'SQ404', '28C', 'Economy', FALSE, 'Available'),
('SQ404_28D', 'SQ404', '28D', 'Economy', FALSE, 'Available'),
('SQ404_28E', 'SQ404', '28E', 'Economy', FALSE, 'Available'),
('SQ404_28F', 'SQ404', '28F', 'Economy', FALSE, 'Available'),
('SQ404_29A', 'SQ404', '29A', 'Economy', FALSE, 'Available'),
('SQ404_29B', 'SQ404', '29B', 'Economy', FALSE, 'Available'),
('SQ404_29C', 'SQ404', '29C', 'Economy', FALSE, 'Available'),
('SQ404_29D', 'SQ404', '29D', 'Economy', FALSE, 'Available'),
('SQ404_29E', 'SQ404', '29E', 'Economy', FALSE, 'Available'),
('SQ404_29F', 'SQ404', '29F', 'Economy', FALSE, 'Available'),
('SQ404_30A', 'SQ404', '30A', 'Economy', FALSE, 'Available'),
('SQ404_30B', 'SQ404', '30B', 'Economy', FALSE, 'Available'),
('SQ404_30C', 'SQ404', '30C', 'Economy', FALSE, 'Available'),
('SQ404_30D', 'SQ404', '30D', 'Economy', FALSE, 'Available'),
('SQ404_30E', 'SQ404', '30E', 'Economy', FALSE, 'Available'),
('SQ404_30F', 'SQ404', '30F', 'Economy', FALSE, 'Available'),
('SQ404_31A', 'SQ404', '31A', 'Economy', FALSE, 'Available'),
('SQ404_31B', 'SQ404', '31B', 'Economy', FALSE, 'Available'),
('SQ404_31C', 'SQ404', '31C', 'Economy', FALSE, 'Available'),
('SQ404_31D', 'SQ404', '31D', 'Economy', FALSE, 'Available'),
('SQ404_31E', 'SQ404', '31E', 'Economy', FALSE, 'Available'),
('SQ404_31F', 'SQ404', '31F', 'Economy', FALSE, 'Available'),
('SQ404_32A', 'SQ404', '32A', 'Economy', FALSE, 'Available'),
('SQ404_32B', 'SQ404', '32B', 'Economy', FALSE, 'Available'),
('SQ404_32C', 'SQ404', '32C', 'Economy', FALSE, 'Available'),
('SQ404_32D', 'SQ404', '32D', 'Economy', FALSE, 'Available'),
('SQ404_32E', 'SQ404', '32E', 'Economy', FALSE, 'Available'),
('SQ404_32F', 'SQ404', '32F', 'Economy', FALSE, 'Available'),
('SQ404_33A', 'SQ404', '33A', 'Economy', FALSE, 'Available'),
('SQ404_33B', 'SQ404', '33B', 'Economy', FALSE, 'Available'),
('SQ404_33C', 'SQ404', '33C', 'Economy', FALSE, 'Available'),
('SQ404_33D', 'SQ404', '33D', 'Economy', FALSE, 'Available'),
('SQ404_33E', 'SQ404', '33E', 'Economy', FALSE, 'Available'),
('SQ404_33F', 'SQ404', '33F', 'Economy', FALSE, 'Available'),
('SQ404_34A', 'SQ404', '34A', 'Economy', FALSE, 'Available'),
('SQ404_34B', 'SQ404', '34B', 'Economy', FALSE, 'Available'),
('SQ404_34C', 'SQ404', '34C', 'Economy', FALSE, 'Available'),
('SQ404_34D', 'SQ404', '34D', 'Economy', FALSE, 'Available'),
('SQ404_34E', 'SQ404', '34E', 'Economy', FALSE, 'Available'),
('SQ404_34F', 'SQ404', '34F', 'Economy', FALSE, 'Available'),
('SQ404_35A', 'SQ404', '35A', 'Economy', FALSE, 'Available'),
('SQ404_35B', 'SQ404', '35B', 'Economy', FALSE, 'Available'),
('SQ404_35C', 'SQ404', '35C', 'Economy', FALSE, 'Available'),
('SQ404_35D', 'SQ404', '35D', 'Economy', FALSE, 'Available'),
('SQ404_35E', 'SQ404', '35E', 'Economy', FALSE, 'Available'),
('SQ404_35F', 'SQ404', '35F', 'Economy', FALSE, 'Available'),
('SQ404_36A', 'SQ404', '36A', 'Economy', FALSE, 'Available'),
('SQ404_36B', 'SQ404', '36B', 'Economy', FALSE, 'Available'),
('SQ404_36C', 'SQ404', '36C', 'Economy', FALSE, 'Available'),
('SQ404_36D', 'SQ404', '36D', 'Economy', FALSE, 'Available'),
('SQ404_36E', 'SQ404', '36E', 'Economy', FALSE, 'Available'),
('SQ404_36F', 'SQ404', '36F', 'Economy', FALSE, 'Available'),
('SQ404_37A', 'SQ404', '37A', 'Economy', FALSE, 'Available'),
('SQ404_37B', 'SQ404', '37B', 'Economy', FALSE, 'Available'),
('SQ404_37C', 'SQ404', '37C', 'Economy', FALSE, 'Available'),
('SQ404_37D', 'SQ404', '37D', 'Economy', FALSE, 'Available'),

-- Seats for TG505 (Capacity 150)
('TG505_01A', 'TG505', '01A', 'Economy', FALSE, 'Available'),
('TG505_01B', 'TG505', '01B', 'Economy', FALSE, 'Available'),
('TG505_01C', 'TG505', '01C', 'Economy', FALSE, 'Available'),
('TG505_01D', 'TG505', '01D', 'Economy', FALSE, 'Available'),
('TG505_01E', 'TG505', '01E', 'Economy', FALSE, 'Available'),
('TG505_01F', 'TG505', '01F', 'Economy', FALSE, 'Available'),
('TG505_02A', 'TG505', '02A', 'Economy', FALSE, 'Available'),
('TG505_02B', 'TG505', '02B', 'Economy', FALSE, 'Available'),
('TG505_02C', 'TG505', '02C', 'Economy', FALSE, 'Available'),
('TG505_02D', 'TG505', '02D', 'Economy', FALSE, 'Available'),
('TG505_02E', 'TG505', '02E', 'Economy', FALSE, 'Available'),
('TG505_02F', 'TG505', '02F', 'Economy', FALSE, 'Available'),
('TG505_03A', 'TG505', '03A', 'Economy', FALSE, 'Available'),
('TG505_03B', 'TG505', '03B', 'Economy', FALSE, 'Available'),
('TG505_03C', 'TG505', '03C', 'Economy', FALSE, 'Available'),
('TG505_03D', 'TG505', '03D', 'Economy', FALSE, 'Available'),
('TG505_03E', 'TG505', '03E', 'Economy', FALSE, 'Available'),
('TG505_03F', 'TG505', '03F', 'Economy', FALSE, 'Available'),
('TG505_04A', 'TG505', '04A', 'Economy', FALSE, 'Available'),
('TG505_04B', 'TG505', '04B', 'Economy', FALSE, 'Available'),
('TG505_04C', 'TG505', '04C', 'Economy', FALSE, 'Available'),
('TG505_04D', 'TG505', '04D', 'Economy', FALSE, 'Available'),
('TG505_04E', 'TG505', '04E', 'Economy', FALSE, 'Available'),
('TG505_04F', 'TG505', '04F', 'Economy', FALSE, 'Available'),
('TG505_05A', 'TG505', '05A', 'Economy', FALSE, 'Available'),
('TG505_05B', 'TG505', '05B', 'Economy', FALSE, 'Available'),
('TG505_05C', 'TG505', '05C', 'Economy', FALSE, 'Available'),
('TG505_05D', 'TG505', '05D', 'Economy', FALSE, 'Available'),
('TG505_05E', 'TG505', '05E', 'Economy', FALSE, 'Available'),
('TG505_05F', 'TG505', '05F', 'Economy', FALSE, 'Available'),
('TG505_06A', 'TG505', '06A', 'Economy', FALSE, 'Available'),
('TG505_06B', 'TG505', '06B', 'Economy', FALSE, 'Available'),
('TG505_06C', 'TG505', '06C', 'Economy', FALSE, 'Available'),
('TG505_06D', 'TG505', '06D', 'Economy', FALSE, 'Available'),
('TG505_06E', 'TG505', '06E', 'Economy', FALSE, 'Available'),
('TG505_06F', 'TG505', '06F', 'Economy', FALSE, 'Available'),
('TG505_07A', 'TG505', '07A', 'Economy', FALSE, 'Available'),
('TG505_07B', 'TG505', '07B', 'Economy', FALSE, 'Available'),
('TG505_07C', 'TG505', '07C', 'Economy', FALSE, 'Available'),
('TG505_07D', 'TG505', '07D', 'Economy', FALSE, 'Available'),
('TG505_07E', 'TG505', '07E', 'Economy', FALSE, 'Available'),
('TG505_07F', 'TG505', '07F', 'Economy', FALSE, 'Available'),
('TG505_08A', 'TG505', '08A', 'Economy', FALSE, 'Available'),
('TG505_08B', 'TG505', '08B', 'Economy', FALSE, 'Available'),
('TG505_08C', 'TG505', '08C', 'Economy', FALSE, 'Available'),
('TG505_08D', 'TG505', '08D', 'Economy', FALSE, 'Available'),
('TG505_08E', 'TG505', '08E', 'Economy', FALSE, 'Available'),
('TG505_08F', 'TG505', '08F', 'Economy', FALSE, 'Available'),
('TG505_09A', 'TG505', '09A', 'Economy', FALSE, 'Available'),
('TG505_09B', 'TG505', '09B', 'Economy', FALSE, 'Available'),
('TG505_09C', 'TG505', '09C', 'Economy', FALSE, 'Available'),
('TG505_09D', 'TG505', '09D', 'Economy', FALSE, 'Available'),
('TG505_09E', 'TG505', '09E', 'Economy', FALSE, 'Available'),
('TG505_09F', 'TG505', '09F', 'Economy', FALSE, 'Available'),
('TG505_10A', 'TG505', '10A', 'Economy', FALSE, 'Available'),
('TG505_10B', 'TG505', '10B', 'Economy', FALSE, 'Available'),
('TG505_10C', 'TG505', '10C', 'Economy', FALSE, 'Available'),
('TG505_10D', 'TG505', '10D', 'Economy', FALSE, 'Available'),
('TG505_10E', 'TG505', '10E', 'Economy', FALSE, 'Available'),
('TG505_10F', 'TG505', '10F', 'Economy', FALSE, 'Available'),
('TG505_11A', 'TG505', '11A', 'Economy', FALSE, 'Available'),
('TG505_11B', 'TG505', '11B', 'Economy', FALSE, 'Available'),
('TG505_11C', 'TG505', '11C', 'Economy', FALSE, 'Available'),
('TG505_11D', 'TG505', '11D', 'Economy', FALSE, 'Available'),
('TG505_11E', 'TG505', '11E', 'Economy', FALSE, 'Available'),
('TG505_11F', 'TG505', '11F', 'Economy', FALSE, 'Available'),
('TG505_12A', 'TG505', '12A', 'Economy', FALSE, 'Available'),
('TG505_12B', 'TG505', '12B', 'Economy', FALSE, 'Available'),
('TG505_12C', 'TG505', '12C', 'Economy', FALSE, 'Available'),
('TG505_12D', 'TG505', '12D', 'Economy', FALSE, 'Available'),
('TG505_12E', 'TG505', '12E', 'Economy', FALSE, 'Available'),
('TG505_12F', 'TG505', '12F', 'Economy', FALSE, 'Available'),
('TG505_13A', 'TG505', '13A', 'Economy', FALSE, 'Available'),
('TG505_13B', 'TG505', '13B', 'Economy', FALSE, 'Available'),
('TG505_13C', 'TG505', '13C', 'Economy', FALSE, 'Available'),
('TG505_13D', 'TG505', '13D', 'Economy', FALSE, 'Available'),
('TG505_13E', 'TG505', '13E', 'Economy', FALSE, 'Available'),
('TG505_13F', 'TG505', '13F', 'Economy', FALSE, 'Available'),
('TG505_14A', 'TG505', '14A', 'Economy', FALSE, 'Available'),
('TG505_14B', 'TG505', '14B', 'Economy', FALSE, 'Available'),
('TG505_14C', 'TG505', '14C', 'Economy', FALSE, 'Available'),
('TG505_14D', 'TG505', '14D', 'Economy', FALSE, 'Available'),
('TG505_14E', 'TG505', '14E', 'Economy', FALSE, 'Available'),
('TG505_14F', 'TG505', '14F', 'Economy', FALSE, 'Available'),
('TG505_15A', 'TG505', '15A', 'Economy', FALSE, 'Available'),
('TG505_15B', 'TG505', '15B', 'Economy', FALSE, 'Available'),
('TG505_15C', 'TG505', '15C', 'Economy', FALSE, 'Available'),
('TG505_15D', 'TG505', '15D', 'Economy', FALSE, 'Available'),
('TG505_15E', 'TG505', '15E', 'Economy', FALSE, 'Available'),
('TG505_15F', 'TG505', '15F', 'Economy', FALSE, 'Available'),
('TG505_16A', 'TG505', '16A', 'Economy', FALSE, 'Available'),
('TG505_16B', 'TG505', '16B', 'Economy', FALSE, 'Available'),
('TG505_16C', 'TG505', '16C', 'Economy', FALSE, 'Available'),
('TG505_16D', 'TG505', '16D', 'Economy', FALSE, 'Available'),
('TG505_16E', 'TG505', '16E', 'Economy', FALSE, 'Available'),
('TG505_16F', 'TG505', '16F', 'Economy', FALSE, 'Available'),
('TG505_17A', 'TG505', '17A', 'Economy', FALSE, 'Available'),
('TG505_17B', 'TG505', '17B', 'Economy', FALSE, 'Available'),
('TG505_17C', 'TG505', '17C', 'Economy', FALSE, 'Available'),
('TG505_17D', 'TG505', '17D', 'Economy', FALSE, 'Available'),
('TG505_17E', 'TG505', '17E', 'Economy', FALSE, 'Available'),
('TG505_17F', 'TG505', '17F', 'Economy', FALSE, 'Available'),
('TG505_18A', 'TG505', '18A', 'Economy', FALSE, 'Available'),
('TG505_18B', 'TG505', '18B', 'Economy', FALSE, 'Available'),
('TG505_18C', 'TG505', '18C', 'Economy', FALSE, 'Available'),
('TG505_18D', 'TG505', '18D', 'Economy', FALSE, 'Available'),
('TG505_18E', 'TG505', '18E', 'Economy', FALSE, 'Available'),
('TG505_18F', 'TG505', '18F', 'Economy', FALSE, 'Available'),
('TG505_19A', 'TG505', '19A', 'Economy', FALSE, 'Available'),
('TG505_19B', 'TG505', '19B', 'Economy', FALSE, 'Available'),
('TG505_19C', 'TG505', '19C', 'Economy', FALSE, 'Available'),
('TG505_19D', 'TG505', '19D', 'Economy', FALSE, 'Available'),
('TG505_19E', 'TG505', '19E', 'Economy', FALSE, 'Available'),
('TG505_19F', 'TG505', '19F', 'Economy', FALSE, 'Available'),
('TG505_20A', 'TG505', '20A', 'Economy', FALSE, 'Available'),
('TG505_20B', 'TG505', '20B', 'Economy', FALSE, 'Available'),
('TG505_20C', 'TG505', '20C', 'Economy', FALSE, 'Available'),
('TG505_20D', 'TG505', '20D', 'Economy', FALSE, 'Available'),
('TG505_20E', 'TG505', '20E', 'Economy', FALSE, 'Available'),
('TG505_20F', 'TG505', '20F', 'Economy', FALSE, 'Available'),
('TG505_21A', 'TG505', '21A', 'Economy', FALSE, 'Available'),
('TG505_21B', 'TG505', '21B', 'Economy', FALSE, 'Available'),
('TG505_21C', 'TG505', '21C', 'Economy', FALSE, 'Available'),
('TG505_21D', 'TG505', '21D', 'Economy', FALSE, 'Available'),
('TG505_21E', 'TG505', '21E', 'Economy', FALSE, 'Available'),
('TG505_21F', 'TG505', '21F', 'Economy', FALSE, 'Available'),
('TG505_22A', 'TG505', '22A', 'Economy', FALSE, 'Available'),
('TG505_22B', 'TG505', '22B', 'Economy', FALSE, 'Available'),
('TG505_22C', 'TG505', '22C', 'Economy', FALSE, 'Available'),
('TG505_22D', 'TG505', '22D', 'Economy', FALSE, 'Available'),
('TG505_22E', 'TG505', '22E', 'Economy', FALSE, 'Available'),
('TG505_22F', 'TG505', '22F', 'Economy', FALSE, 'Available'),
('TG505_23A', 'TG505', '23A', 'Economy', FALSE, 'Available'),
('TG505_23B', 'TG505', '23B', 'Economy', FALSE, 'Available'),
('TG505_23C', 'TG505', '23C', 'Economy', FALSE, 'Available'),
('TG505_23D', 'TG505', '23D', 'Economy', FALSE, 'Available'),
('TG505_23E', 'TG505', '23E', 'Economy', FALSE, 'Available'),
('TG505_23F', 'TG505', '23F', 'Economy', FALSE, 'Available'),
('TG505_24A', 'TG505', '24A', 'Economy', FALSE, 'Available'),
('TG505_24B', 'TG505', '24B', 'Economy', FALSE, 'Available'),
('TG505_24C', 'TG505', '24C', 'Economy', FALSE, 'Available'),
('TG505_24D', 'TG505', '24D', 'Economy', FALSE, 'Available'),
('TG505_24E', 'TG505', '24E', 'Economy', FALSE, 'Available'),
('TG505_24F', 'TG505', '24F', 'Economy', FALSE, 'Available'),
('TG505_25A', 'TG505', '25A', 'Economy', FALSE, 'Available'),
('TG505_25B', 'TG505', '25B', 'Economy', FALSE, 'Available'),
('TG505_25C', 'TG505', '25C', 'Economy', FALSE, 'Available'),
('TG505_25D', 'TG505', '25D', 'Economy', FALSE, 'Available'),
('TG505_25E', 'TG505', '25E', 'Economy', FALSE, 'Available'),
('TG505_25F', 'TG505', '25F', 'Economy', FALSE, 'Available'),

-- Seats for FY606 (Capacity 72)
('FY606_01A', 'FY606', '01A', 'Economy', FALSE, 'Available'),
('FY606_01B', 'FY606', '01B', 'Economy', FALSE, 'Available'),
('FY606_01C', 'FY606', '01C', 'Economy', FALSE, 'Available'),
('FY606_01D', 'FY606', '01D', 'Economy', FALSE, 'Available'),
('FY606_01E', 'FY606', '01E', 'Economy', FALSE, 'Available'),
('FY606_01F', 'FY606', '01F', 'Economy', FALSE, 'Available'),
('FY606_02A', 'FY606', '02A', 'Economy', FALSE, 'Available'),
('FY606_02B', 'FY606', '02B', 'Economy', FALSE, 'Available'),
('FY606_02C', 'FY606', '02C', 'Economy', FALSE, 'Available'),
('FY606_02D', 'FY606', '02D', 'Economy', FALSE, 'Available'),
('FY606_02E', 'FY606', '02E', 'Economy', FALSE, 'Available'),
('FY606_02F', 'FY606', '02F', 'Economy', FALSE, 'Available'),
('FY606_03A', 'FY606', '03A', 'Economy', FALSE, 'Available'),
('FY606_03B', 'FY606', '03B', 'Economy', FALSE, 'Available'),
('FY606_03C', 'FY606', '03C', 'Economy', FALSE, 'Available'),
('FY606_03D', 'FY606', '03D', 'Economy', FALSE, 'Available'),
('FY606_03E', 'FY606', '03E', 'Economy', FALSE, 'Available'),
('FY606_03F', 'FY606', '03F', 'Economy', FALSE, 'Available'),
('FY606_04A', 'FY606', '04A', 'Economy', FALSE, 'Available'),
('FY606_04B', 'FY606', '04B', 'Economy', FALSE, 'Available'),
('FY606_04C', 'FY606', '04C', 'Economy', FALSE, 'Available'),
('FY606_04D', 'FY606', '04D', 'Economy', FALSE, 'Available'),
('FY606_04E', 'FY606', '04E', 'Economy', FALSE, 'Available'),
('FY606_04F', 'FY606', '04F', 'Economy', FALSE, 'Available'),
('FY606_05A', 'FY606', '05A', 'Economy', FALSE, 'Available'),
('FY606_05B', 'FY606', '05B', 'Economy', FALSE, 'Available'),
('FY606_05C', 'FY606', '05C', 'Economy', FALSE, 'Available'),
('FY606_05D', 'FY606', '05D', 'Economy', FALSE, 'Available'),
('FY606_05E', 'FY606', '05E', 'Economy', FALSE, 'Available'),
('FY606_05F', 'FY606', '05F', 'Economy', FALSE, 'Available'),
('FY606_06A', 'FY606', '06A', 'Economy', FALSE, 'Available'),
('FY606_06B', 'FY606', '06B', 'Economy', FALSE, 'Available'),
('FY606_06C', 'FY606', '06C', 'Economy', FALSE, 'Available'),
('FY606_06D', 'FY606', '06D', 'Economy', FALSE, 'Available'),
('FY606_06E', 'FY606', '06E', 'Economy', FALSE, 'Available'),
('FY606_06F', 'FY606', '06F', 'Economy', FALSE, 'Available'),
('FY606_07A', 'FY606', '07A', 'Economy', FALSE, 'Available'),
('FY606_07B', 'FY606', '07B', 'Economy', FALSE, 'Available'),
('FY606_07C', 'FY606', '07C', 'Economy', FALSE, 'Available'),
('FY606_07D', 'FY606', '07D', 'Economy', FALSE, 'Available'),
('FY606_07E', 'FY606', '07E', 'Economy', FALSE, 'Available'),
('FY606_07F', 'FY606', '07F', 'Economy', FALSE, 'Available'),
('FY606_08A', 'FY606', '08A', 'Economy', FALSE, 'Available'),
('FY606_08B', 'FY606', '08B', 'Economy', FALSE, 'Available'),
('FY606_08C', 'FY606', '08C', 'Economy', FALSE, 'Available'),
('FY606_08D', 'FY606', '08D', 'Economy', FALSE, 'Available'),
('FY606_08E', 'FY606', '08E', 'Economy', FALSE, 'Available'),
('FY606_08F', 'FY606', '08F', 'Economy', FALSE, 'Available'),
('FY606_09A', 'FY606', '09A', 'Economy', FALSE, 'Available'),
('FY606_09B', 'FY606', '09B', 'Economy', FALSE, 'Available'),
('FY606_09C', 'FY606', '09C', 'Economy', FALSE, 'Available'),
('FY606_09D', 'FY606', '09D', 'Economy', FALSE, 'Available'),
('FY606_09E', 'FY606', '09E', 'Economy', FALSE, 'Available'),
('FY606_09F', 'FY606', '09F', 'Economy', FALSE, 'Available'),
('FY606_10A', 'FY606', '10A', 'Economy', FALSE, 'Available'),
('FY606_10B', 'FY606', '10B', 'Economy', FALSE, 'Available'),
('FY606_10C', 'FY606', '10C', 'Economy', FALSE, 'Available'),
('FY606_10D', 'FY606', '10D', 'Economy', FALSE, 'Available'),
('FY606_10E', 'FY606', '10E', 'Economy', FALSE, 'Available'),
('FY606_10F', 'FY606', '10F', 'Economy', FALSE, 'Available'),
('FY606_11A', 'FY606', '11A', 'Economy', FALSE, 'Available'),
('FY606_11B', 'FY606', '11B', 'Economy', FALSE, 'Available'),
('FY606_11C', 'FY606', '11C', 'Economy', FALSE, 'Available'),
('FY606_11D', 'FY606', '11D', 'Economy', FALSE, 'Available'),
('FY606_11E', 'FY606', '11E', 'Economy', FALSE, 'Available'),
('FY606_11F', 'FY606', '11F', 'Economy', FALSE, 'Available'),
('FY606_12A', 'FY606', '12A', 'Economy', FALSE, 'Available'),
('FY606_12B', 'FY606', '12B', 'Economy', FALSE, 'Available'),
('FY606_12C', 'FY606', '12C', 'Economy', FALSE, 'Available'),
('FY606_12D', 'FY606', '12D', 'Economy', FALSE, 'Available'),
('FY606_12E', 'FY606', '12E', 'Economy', FALSE, 'Available'),
('FY606_12F', 'FY606', '12F', 'Economy', FALSE, 'Available'),

-- Seats for GA707 (Capacity 200)
('GA707_01A', 'GA707', '01A', 'Economy', FALSE, 'Available'),
('GA707_01B', 'GA707', '01B', 'Economy', FALSE, 'Available'),
('GA707_01C', 'GA707', '01C', 'Economy', FALSE, 'Available'),
('GA707_01D', 'GA707', '01D', 'Economy', FALSE, 'Available'),
('GA707_01E', 'GA707', '01E', 'Economy', FALSE, 'Available'),
('GA707_01F', 'GA707', '01F', 'Economy', FALSE, 'Available'),
('GA707_02A', 'GA707', '02A', 'Economy', FALSE, 'Available'),
('GA707_02B', 'GA707', '02B', 'Economy', FALSE, 'Available'),
('GA707_02C', 'GA707', '02C', 'Economy', FALSE, 'Available'),
('GA707_02D', 'GA707', '02D', 'Economy', FALSE, 'Available'),
('GA707_02E', 'GA707', '02E', 'Economy', FALSE, 'Available'),
('GA707_02F', 'GA707', '02F', 'Economy', FALSE, 'Available'),
('GA707_03A', 'GA707', '03A', 'Economy', FALSE, 'Available'),
('GA707_03B', 'GA707', '03B', 'Economy', FALSE, 'Available'),
('GA707_03C', 'GA707', '03C', 'Economy', FALSE, 'Available'),
('GA707_03D', 'GA707', '03D', 'Economy', FALSE, 'Available'),
('GA707_03E', 'GA707', '03E', 'Economy', FALSE, 'Available'),
('GA707_03F', 'GA707', '03F', 'Economy', FALSE, 'Available'),
('GA707_04A', 'GA707', '04A', 'Economy', FALSE, 'Available'),
('GA707_04B', 'GA707', '04B', 'Economy', FALSE, 'Available'),
('GA707_04C', 'GA707', '04C', 'Economy', FALSE, 'Available'),
('GA707_04D', 'GA707', '04D', 'Economy', FALSE, 'Available'),
('GA707_04E', 'GA707', '04E', 'Economy', FALSE, 'Available'),
('GA707_04F', 'GA707', '04F', 'Economy', FALSE, 'Available'),
('GA707_05A', 'GA707', '05A', 'Economy', FALSE, 'Available'),
('GA707_05B', 'GA707', '05B', 'Economy', FALSE, 'Available'),
('GA707_05C', 'GA707', '05C', 'Economy', FALSE, 'Available'),
('GA707_05D', 'GA707', '05D', 'Economy', FALSE, 'Available'),
('GA707_05E', 'GA707', '05E', 'Economy', FALSE, 'Available'),
('GA707_05F', 'GA707', '05F', 'Economy', FALSE, 'Available'),
('GA707_06A', 'GA707', '06A', 'Economy', FALSE, 'Available'),
('GA707_06B', 'GA707', '06B', 'Economy', FALSE, 'Available'),
('GA707_06C', 'GA707', '06C', 'Economy', FALSE, 'Available'),
('GA707_06D', 'GA707', '06D', 'Economy', FALSE, 'Available'),
('GA707_06E', 'GA707', '06E', 'Economy', FALSE, 'Available'),
('GA707_06F', 'GA707', '06F', 'Economy', FALSE, 'Available'),
('GA707_07A', 'GA707', '07A', 'Economy', FALSE, 'Available'),
('GA707_07B', 'GA707', '07B', 'Economy', FALSE, 'Available'),
('GA707_07C', 'GA707', '07C', 'Economy', FALSE, 'Available'),
('GA707_07D', 'GA707', '07D', 'Economy', FALSE, 'Available'),
('GA707_07E', 'GA707', '07E', 'Economy', FALSE, 'Available'),
('GA707_07F', 'GA707', '07F', 'Economy', FALSE, 'Available'),
('GA707_08A', 'GA707', '08A', 'Economy', FALSE, 'Available'),
('GA707_08B', 'GA707', '08B', 'Economy', FALSE, 'Available'),
('GA707_08C', 'GA707', '08C', 'Economy', FALSE, 'Available'),
('GA707_08D', 'GA707', '08D', 'Economy', FALSE, 'Available'),
('GA707_08E', 'GA707', '08E', 'Economy', FALSE, 'Available'),
('GA707_08F', 'GA707', '08F', 'Economy', FALSE, 'Available'),
('GA707_09A', 'GA707', '09A', 'Economy', FALSE, 'Available'),
('GA707_09B', 'GA707', '09B', 'Economy', FALSE, 'Available'),
('GA707_09C', 'GA707', '09C', 'Economy', FALSE, 'Available'),
('GA707_09D', 'GA707', '09D', 'Economy', FALSE, 'Available'),
('GA707_09E', 'GA707', '09E', 'Economy', FALSE, 'Available'),
('GA707_09F', 'GA707', '09F', 'Economy', FALSE, 'Available'),
('GA707_10A', 'GA707', '10A', 'Economy', FALSE, 'Available'),
('GA707_10B', 'GA707', '10B', 'Economy', FALSE, 'Available'),
('GA707_10C', 'GA707', '10C', 'Economy', FALSE, 'Available'),
('GA707_10D', 'GA707', '10D', 'Economy', FALSE, 'Available'),
('GA707_10E', 'GA707', '10E', 'Economy', FALSE, 'Available'),
('GA707_10F', 'GA707', '10F', 'Economy', FALSE, 'Available'),
('GA707_11A', 'GA707', '11A', 'Economy', FALSE, 'Available'),
('GA707_11B', 'GA707', '11B', 'Economy', FALSE, 'Available'),
('GA707_11C', 'GA707', '11C', 'Economy', FALSE, 'Available'),
('GA707_11D', 'GA707', '11D', 'Economy', FALSE, 'Available'),
('GA707_11E', 'GA707', '11E', 'Economy', FALSE, 'Available'),
('GA707_11F', 'GA707', '11F', 'Economy', FALSE, 'Available'),
('GA707_12A', 'GA707', '12A', 'Economy', FALSE, 'Available'),
('GA707_12B', 'GA707', '12B', 'Economy', FALSE, 'Available'),
('GA707_12C', 'GA707', '12C', 'Economy', FALSE, 'Available'),
('GA707_12D', 'GA707', '12D', 'Economy', FALSE, 'Available'),
('GA707_12E', 'GA707', '12E', 'Economy', FALSE, 'Available'),
('GA707_12F', 'GA707', '12F', 'Economy', FALSE, 'Available'),
('GA707_13A', 'GA707', '13A', 'Economy', FALSE, 'Available'),
('GA707_13B', 'GA707', '13B', 'Economy', FALSE, 'Available'),
('GA707_13C', 'GA707', '13C', 'Economy', FALSE, 'Available'),
('GA707_13D', 'GA707', '13D', 'Economy', FALSE, 'Available'),
('GA707_13E', 'GA707', '13E', 'Economy', FALSE, 'Available'),
('GA707_13F', 'GA707', '13F', 'Economy', FALSE, 'Available'),
('GA707_14A', 'GA707', '14A', 'Economy', FALSE, 'Available'),
('GA707_14B', 'GA707', '14B', 'Economy', FALSE, 'Available'),
('GA707_14C', 'GA707', '14C', 'Economy', FALSE, 'Available'),
('GA707_14D', 'GA707', '14D', 'Economy', FALSE, 'Available'),
('GA707_14E', 'GA707', '14E', 'Economy', FALSE, 'Available'),
('GA707_14F', 'GA707', '14F', 'Economy', FALSE, 'Available'),
('GA707_15A', 'GA707', '15A', 'Economy', FALSE, 'Available'),
('GA707_15B', 'GA707', '15B', 'Economy', FALSE, 'Available'),
('GA707_15C', 'GA707', '15C', 'Economy', FALSE, 'Available'),
('GA707_15D', 'GA707', '15D', 'Economy', FALSE, 'Available'),
('GA707_15E', 'GA707', '15E', 'Economy', FALSE, 'Available'),
('GA707_15F', 'GA707', '15F', 'Economy', FALSE, 'Available'),
('GA707_16A', 'GA707', '16A', 'Economy', FALSE, 'Available'),
('GA707_16B', 'GA707', '16B', 'Economy', FALSE, 'Available'),
('GA707_16C', 'GA707', '16C', 'Economy', FALSE, 'Available'),
('GA707_16D', 'GA707', '16D', 'Economy', FALSE, 'Available'),
('GA707_16E', 'GA707', '16E', 'Economy', FALSE, 'Available'),
('GA707_16F', 'GA707', '16F', 'Economy', FALSE, 'Available'),
('GA707_17A', 'GA707', '17A', 'Economy', FALSE, 'Available'),
('GA707_17B', 'GA707', '17B', 'Economy', FALSE, 'Available'),
('GA707_17C', 'GA707', '17C', 'Economy', FALSE, 'Available'),
('GA707_17D', 'GA707', '17D', 'Economy', FALSE, 'Available'),
('GA707_17E', 'GA707', '17E', 'Economy', FALSE, 'Available'),
('GA707_17F', 'GA707', '17F', 'Economy', FALSE, 'Available'),
('GA707_18A', 'GA707', '18A', 'Economy', FALSE, 'Available'),
('GA707_18B', 'GA707', '18B', 'Economy', FALSE, 'Available'),
('GA707_18C', 'GA707', '18C', 'Economy', FALSE, 'Available'),
('GA707_18D', 'GA707', '18D', 'Economy', FALSE, 'Available'),
('GA707_18E', 'GA707', '18E', 'Economy', FALSE, 'Available'),
('GA707_18F', 'GA707', '18F', 'Economy', FALSE, 'Available'),
('GA707_19A', 'GA707', '19A', 'Economy', FALSE, 'Available'),
('GA707_19B', 'GA707', '19B', 'Economy', FALSE, 'Available'),
('GA707_19C', 'GA707', '19C', 'Economy', FALSE, 'Available'),
('GA707_19D', 'GA707', '19D', 'Economy', FALSE, 'Available'),
('GA707_19E', 'GA707', '19E', 'Economy', FALSE, 'Available'),
('GA707_19F', 'GA707', '19F', 'Economy', FALSE, 'Available'),
('GA707_20A', 'GA707', '20A', 'Economy', FALSE, 'Available'),
('GA707_20B', 'GA707', '20B', 'Economy', FALSE, 'Available'),
('GA707_20C', 'GA707', '20C', 'Economy', FALSE, 'Available'),
('GA707_20D', 'GA707', '20D', 'Economy', FALSE, 'Available'),
('GA707_20E', 'GA707', '20E', 'Economy', FALSE, 'Available'),
('GA707_20F', 'GA707', '20F', 'Economy', FALSE, 'Available'),
('GA707_21A', 'GA707', '21A', 'Economy', FALSE, 'Available'),
('GA707_21B', 'GA707', '21B', 'Economy', FALSE, 'Available'),
('GA707_21C', 'GA707', '21C', 'Economy', FALSE, 'Available'),
('GA707_21D', 'GA707', '21D', 'Economy', FALSE, 'Available'),
('GA707_21E', 'GA707', '21E', 'Economy', FALSE, 'Available'),
('GA707_21F', 'GA707', '21F', 'Economy', FALSE, 'Available'),
('GA707_22A', 'GA707', '22A', 'Economy', FALSE, 'Available'),
('GA707_22B', 'GA707', '22B', 'Economy', FALSE, 'Available'),
('GA707_22C', 'GA707', '22C', 'Economy', FALSE, 'Available'),
('GA707_22D', 'GA707', '22D', 'Economy', FALSE, 'Available'),
('GA707_22E', 'GA707', '22E', 'Economy', FALSE, 'Available'),
('GA707_22F', 'GA707', '22F', 'Economy', FALSE, 'Available'),
('GA707_23A', 'GA707', '23A', 'Economy', FALSE, 'Available'),
('GA707_23B', 'GA707', '23B', 'Economy', FALSE, 'Available'),
('GA707_23C', 'GA707', '23C', 'Economy', FALSE, 'Available'),
('GA707_23D', 'GA707', '23D', 'Economy', FALSE, 'Available'),
('GA707_23E', 'GA707', '23E', 'Economy', FALSE, 'Available'),
('GA707_23F', 'GA707', '23F', 'Economy', FALSE, 'Available'),
('GA707_24A', 'GA707', '24A', 'Economy', FALSE, 'Available'),
('GA707_24B', 'GA707', '24B', 'Economy', FALSE, 'Available'),
('GA707_24C', 'GA707', '24C', 'Economy', FALSE, 'Available'),
('GA707_24D', 'GA707', '24D', 'Economy', FALSE, 'Available'),
('GA707_24E', 'GA707', '24E', 'Economy', FALSE, 'Available'),
('GA707_24F', 'GA707', '24F', 'Economy', FALSE, 'Available'),
('GA707_25A', 'GA707', '25A', 'Economy', FALSE, 'Available'),
('GA707_25B', 'GA707', '25B', 'Economy', FALSE, 'Available'),
('GA707_25C', 'GA707', '25C', 'Economy', FALSE, 'Available'),
('GA707_25D', 'GA707', '25D', 'Economy', FALSE, 'Available'),
('GA707_25E', 'GA707', '25E', 'Economy', FALSE, 'Available'),
('GA707_25F', 'GA707', '25F', 'Economy', FALSE, 'Available'),
('GA707_26A', 'GA707', '26A', 'Economy', FALSE, 'Available'),
('GA707_26B', 'GA707', '26B', 'Economy', FALSE, 'Available'),
('GA707_26C', 'GA707', '26C', 'Economy', FALSE, 'Available'),
('GA707_26D', 'GA707', '26D', 'Economy', FALSE, 'Available'),
('GA707_26E', 'GA707', '26E', 'Economy', FALSE, 'Available'),
('GA707_26F', 'GA707', '26F', 'Economy', FALSE, 'Available'),
('GA707_27A', 'GA707', '27A', 'Economy', FALSE, 'Available'),
('GA707_27B', 'GA707', '27B', 'Economy', FALSE, 'Available'),
('GA707_27C', 'GA707', '27C', 'Economy', FALSE, 'Available'),
('GA707_27D', 'GA707', '27D', 'Economy', FALSE, 'Available'),
('GA707_27E', 'GA707', '27E', 'Economy', FALSE, 'Available'),
('GA707_27F', 'GA707', '27F', 'Economy', FALSE, 'Available'),
('GA707_28A', 'GA707', '28A', 'Economy', FALSE, 'Available'),
('GA707_28B', 'GA707', '28B', 'Economy', FALSE, 'Available'),
('GA707_28C', 'GA707', '28C', 'Economy', FALSE, 'Available'),
('GA707_28D', 'GA707', '28D', 'Economy', FALSE, 'Available'),
('GA707_28E', 'GA707', '28E', 'Economy', FALSE, 'Available'),
('GA707_28F', 'GA707', '28F', 'Economy', FALSE, 'Available'),
('GA707_29A', 'GA707', '29A', 'Economy', FALSE, 'Available'),
('GA707_29B', 'GA707', '29B', 'Economy', FALSE, 'Available'),
('GA707_29C', 'GA707', '29C', 'Economy', FALSE, 'Available'),
('GA707_29D', 'GA707', '29D', 'Economy', FALSE, 'Available'),
('GA707_29E', 'GA707', '29E', 'Economy', FALSE, 'Available'),
('GA707_29F', 'GA707', '29F', 'Economy', FALSE, 'Available'),
('GA707_30A', 'GA707', '30A', 'Economy', FALSE, 'Available'),
('GA707_30B', 'GA707', '30B', 'Economy', FALSE, 'Available'),
('GA707_30C', 'GA707', '30C', 'Economy', FALSE, 'Available'),
('GA707_30D', 'GA707', '30D', 'Economy', FALSE, 'Available'),
('GA707_30E', 'GA707', '30E', 'Economy', FALSE, 'Available'),
('GA707_30F', 'GA707', '30F', 'Economy', FALSE, 'Available'),
('GA707_31A', 'GA707', '31A', 'Economy', FALSE, 'Available'),
('GA707_31B', 'GA707', '31B', 'Economy', FALSE, 'Available'),
('GA707_31C', 'GA707', '31C', 'Economy', FALSE, 'Available'),
('GA707_31D', 'GA707', '31D', 'Economy', FALSE, 'Available'),
('GA707_31E', 'GA707', '31E', 'Economy', FALSE, 'Available'),
('GA707_31F', 'GA707', '31F', 'Economy', FALSE, 'Available'),
('GA707_32A', 'GA707', '32A', 'Economy', FALSE, 'Available'),
('GA707_32B', 'GA707', '32B', 'Economy', FALSE, 'Available'),
('GA707_32C', 'GA707', '32C', 'Economy', FALSE, 'Available'),
('GA707_32D', 'GA707', '32D', 'Economy', FALSE, 'Available'),
('GA707_32E', 'GA707', '32E', 'Economy', FALSE, 'Available'),
('GA707_32F', 'GA707', '32F', 'Economy', FALSE, 'Available'),
('GA707_33A', 'GA707', '33A', 'Economy', FALSE, 'Available'),
('GA707_33B', 'GA707', '33B', 'Economy', FALSE, 'Available'),
('GA707_33C', 'GA707', '33C', 'Economy', FALSE, 'Available'),
('GA707_33D', 'GA707', '33D', 'Economy', FALSE, 'Available'),
('GA707_33E', 'GA707', '33E', 'Economy', FALSE, 'Available'),
('GA707_33F', 'GA707', '33F', 'Economy', FALSE, 'Available'),
('GA707_34A', 'GA707', '34A', 'Economy', FALSE, 'Available'),
('GA707_34B', 'GA707', '34B', 'Economy', FALSE, 'Available'),

-- Seats for VN808 (Capacity 180)
('VN808_01A', 'VN808', '01A', 'Economy', FALSE, 'Available'),
('VN808_01B', 'VN808', '01B', 'Economy', FALSE, 'Available'),
('VN808_01C', 'VN808', '01C', 'Economy', FALSE, 'Available'),
('VN808_01D', 'VN808', '01D', 'Economy', FALSE, 'Available'),
('VN808_01E', 'VN808', '01E', 'Economy', FALSE, 'Available'),
('VN808_01F', 'VN808', '01F', 'Economy', FALSE, 'Available'),
('VN808_02A', 'VN808', '02A', 'Economy', FALSE, 'Available'),
('VN808_02B', 'VN808', '02B', 'Economy', FALSE, 'Available'),
('VN808_02C', 'VN808', '02C', 'Economy', FALSE, 'Available'),
('VN808_02D', 'VN808', '02D', 'Economy', FALSE, 'Available'),
('VN808_02E', 'VN808', '02E', 'Economy', FALSE, 'Available'),
('VN808_02F', 'VN808', '02F', 'Economy', FALSE, 'Available'),
('VN808_03A', 'VN808', '03A', 'Economy', FALSE, 'Available'),
('VN808_03B', 'VN808', '03B', 'Economy', FALSE, 'Available'),
('VN808_03C', 'VN808', '03C', 'Economy', FALSE, 'Available'),
('VN808_03D', 'VN808', '03D', 'Economy', FALSE, 'Available'),
('VN808_03E', 'VN808', '03E', 'Economy', FALSE, 'Available'),
('VN808_03F', 'VN808', '03F', 'Economy', FALSE, 'Available'),
('VN808_04A', 'VN808', '04A', 'Economy', FALSE, 'Available'),
('VN808_04B', 'VN808', '04B', 'Economy', FALSE, 'Available'),
('VN808_04C', 'VN808', '04C', 'Economy', FALSE, 'Available'),
('VN808_04D', 'VN808', '04D', 'Economy', FALSE, 'Available'),
('VN808_04E', 'VN808', '04E', 'Economy', FALSE, 'Available'),
('VN808_04F', 'VN808', '04F', 'Economy', FALSE, 'Available'),
('VN808_05A', 'VN808', '05A', 'Economy', FALSE, 'Available'),
('VN808_05B', 'VN808', '05B', 'Economy', FALSE, 'Available'),
('VN808_05C', 'VN808', '05C', 'Economy', FALSE, 'Available'),
('VN808_05D', 'VN808', '05D', 'Economy', FALSE, 'Available'),
('VN808_05E', 'VN808', '05E', 'Economy', FALSE, 'Available'),
('VN808_05F', 'VN808', '05F', 'Economy', FALSE, 'Available'),
('VN808_06A', 'VN808', '06A', 'Economy', FALSE, 'Available'),
('VN808_06B', 'VN808', '06B', 'Economy', FALSE, 'Available'),
('VN808_06C', 'VN808', '06C', 'Economy', FALSE, 'Available'),
('VN808_06D', 'VN808', '06D', 'Economy', FALSE, 'Available'),
('VN808_06E', 'VN808', '06E', 'Economy', FALSE, 'Available'),
('VN808_06F', 'VN808', '06F', 'Economy', FALSE, 'Available'),
('VN808_07A', 'VN808', '07A', 'Economy', FALSE, 'Available'),
('VN808_07B', 'VN808', '07B', 'Economy', FALSE, 'Available'),
('VN808_07C', 'VN808', '07C', 'Economy', FALSE, 'Available'),
('VN808_07D', 'VN808', '07D', 'Economy', FALSE, 'Available'),
('VN808_07E', 'VN808', '07E', 'Economy', FALSE, 'Available'),
('VN808_07F', 'VN808', '07F', 'Economy', FALSE, 'Available'),
('VN808_08A', 'VN808', '08A', 'Economy', FALSE, 'Available'),
('VN808_08B', 'VN808', '08B', 'Economy', FALSE, 'Available'),
('VN808_08C', 'VN808', '08C', 'Economy', FALSE, 'Available'),
('VN808_08D', 'VN808', '08D', 'Economy', FALSE, 'Available'),
('VN808_08E', 'VN808', '08E', 'Economy', FALSE, 'Available'),
('VN808_08F', 'VN808', '08F', 'Economy', FALSE, 'Available'),
('VN808_09A', 'VN808', '09A', 'Economy', FALSE, 'Available'),
('VN808_09B', 'VN808', '09B', 'Economy', FALSE, 'Available'),
('VN808_09C', 'VN808', '09C', 'Economy', FALSE, 'Available'),
('VN808_09D', 'VN808', '09D', 'Economy', FALSE, 'Available'),
('VN808_09E', 'VN808', '09E', 'Economy', FALSE, 'Available'),
('VN808_09F', 'VN808', '09F', 'Economy', FALSE, 'Available'),
('VN808_10A', 'VN808', '10A', 'Economy', FALSE, 'Available'),
('VN808_10B', 'VN808', '10B', 'Economy', FALSE, 'Available'),
('VN808_10C', 'VN808', '10C', 'Economy', FALSE, 'Available'),
('VN808_10D', 'VN808', '10D', 'Economy', FALSE, 'Available'),
('VN808_10E', 'VN808', '10E', 'Economy', FALSE, 'Available'),
('VN808_10F', 'VN808', '10F', 'Economy', FALSE, 'Available'),
('VN808_11A', 'VN808', '11A', 'Economy', FALSE, 'Available'),
('VN808_11B', 'VN808', '11B', 'Economy', FALSE, 'Available'),
('VN808_11C', 'VN808', '11C', 'Economy', FALSE, 'Available'),
('VN808_11D', 'VN808', '11D', 'Economy', FALSE, 'Available'),
('VN808_11E', 'VN808', '11E', 'Economy', FALSE, 'Available'),
('VN808_11F', 'VN808', '11F', 'Economy', FALSE, 'Available'),
('VN808_12A', 'VN808', '12A', 'Economy', FALSE, 'Available'),
('VN808_12B', 'VN808', '12B', 'Economy', FALSE, 'Available'),
('VN808_12C', 'VN808', '12C', 'Economy', FALSE, 'Available'),
('VN808_12D', 'VN808', '12D', 'Economy', FALSE, 'Available'),
('VN808_12E', 'VN808', '12E', 'Economy', FALSE, 'Available'),
('VN808_12F', 'VN808', '12F', 'Economy', FALSE, 'Available'),
('VN808_13A', 'VN808', '13A', 'Economy', FALSE, 'Available'),
('VN808_13B', 'VN808', '13B', 'Economy', FALSE, 'Available'),
('VN808_13C', 'VN808', '13C', 'Economy', FALSE, 'Available'),
('VN808_13D', 'VN808', '13D', 'Economy', FALSE, 'Available'),
('VN808_13E', 'VN808', '13E', 'Economy', FALSE, 'Available'),
('VN808_13F', 'VN808', '13F', 'Economy', FALSE, 'Available'),
('VN808_14A', 'VN808', '14A', 'Economy', FALSE, 'Available'),
('VN808_14B', 'VN808', '14B', 'Economy', FALSE, 'Available'),
('VN808_14C', 'VN808', '14C', 'Economy', FALSE, 'Available'),
('VN808_14D', 'VN808', '14D', 'Economy', FALSE, 'Available'),
('VN808_14E', 'VN808', '14E', 'Economy', FALSE, 'Available'),
('VN808_14F', 'VN808', '14F', 'Economy', FALSE, 'Available'),
('VN808_15A', 'VN808', '15A', 'Economy', FALSE, 'Available'),
('VN808_15B', 'VN808', '15B', 'Economy', FALSE, 'Available'),
('VN808_15C', 'VN808', '15C', 'Economy', FALSE, 'Available'),
('VN808_15D', 'VN808', '15D', 'Economy', FALSE, 'Available'),
('VN808_15E', 'VN808', '15E', 'Economy', FALSE, 'Available'),
('VN808_15F', 'VN808', '15F', 'Economy', FALSE, 'Available'),
('VN808_16A', 'VN808', '16A', 'Economy', FALSE, 'Available'),
('VN808_16B', 'VN808', '16B', 'Economy', FALSE, 'Available'),
('VN808_16C', 'VN808', '16C', 'Economy', FALSE, 'Available'),
('VN808_16D', 'VN808', '16D', 'Economy', FALSE, 'Available'),
('VN808_16E', 'VN808', '16E', 'Economy', FALSE, 'Available'),
('VN808_16F', 'VN808', '16F', 'Economy', FALSE, 'Available'),
('VN808_17A', 'VN808', '17A', 'Economy', FALSE, 'Available'),
('VN808_17B', 'VN808', '17B', 'Economy', FALSE, 'Available'),
('VN808_17C', 'VN808', '17C', 'Economy', FALSE, 'Available'),
('VN808_17D', 'VN808', '17D', 'Economy', FALSE, 'Available'),
('VN808_17E', 'VN808', '17E', 'Economy', FALSE, 'Available'),
('VN808_17F', 'VN808', '17F', 'Economy', FALSE, 'Available'),
('VN808_18A', 'VN808', '18A', 'Economy', FALSE, 'Available'),
('VN808_18B', 'VN808', '18B', 'Economy', FALSE, 'Available'),
('VN808_18C', 'VN808', '18C', 'Economy', FALSE, 'Available'),
('VN808_18D', 'VN808', '18D', 'Economy', FALSE, 'Available'),
('VN808_18E', 'VN808', '18E', 'Economy', FALSE, 'Available'),
('VN808_18F', 'VN808', '18F', 'Economy', FALSE, 'Available'),
('VN808_19A', 'VN808', '19A', 'Economy', FALSE, 'Available'),
('VN808_19B', 'VN808', '19B', 'Economy', FALSE, 'Available'),
('VN808_19C', 'VN808', '19C', 'Economy', FALSE, 'Available'),
('VN808_19D', 'VN808', '19D', 'Economy', FALSE, 'Available'),
('VN808_19E', 'VN808', '19E', 'Economy', FALSE, 'Available'),
('VN808_19F', 'VN808', '19F', 'Economy', FALSE, 'Available'),
('VN808_20A', 'VN808', '20A', 'Economy', FALSE, 'Available'),
('VN808_20B', 'VN808', '20B', 'Economy', FALSE, 'Available'),
('VN808_20C', 'VN808', '20C', 'Economy', FALSE, 'Available'),
('VN808_20D', 'VN808', '20D', 'Economy', FALSE, 'Available'),
('VN808_20E', 'VN808', '20E', 'Economy', FALSE, 'Available'),
('VN808_20F', 'VN808', '20F', 'Economy', FALSE, 'Available'),
('VN808_21A', 'VN808', '21A', 'Economy', FALSE, 'Available'),
('VN808_21B', 'VN808', '21B', 'Economy', FALSE, 'Available'),
('VN808_21C', 'VN808', '21C', 'Economy', FALSE, 'Available'),
('VN808_21D', 'VN808', '21D', 'Economy', FALSE, 'Available'),
('VN808_21E', 'VN808', '21E', 'Economy', FALSE, 'Available'),
('VN808_21F', 'VN808', '21F', 'Economy', FALSE, 'Available'),
('VN808_22A', 'VN808', '22A', 'Economy', FALSE, 'Available'),
('VN808_22B', 'VN808', '22B', 'Economy', FALSE, 'Available'),
('VN808_22C', 'VN808', '22C', 'Economy', FALSE, 'Available'),
('VN808_22D', 'VN808', '22D', 'Economy', FALSE, 'Available'),
('VN808_22E', 'VN808', '22E', 'Economy', FALSE, 'Available'),
('VN808_22F', 'VN808', '22F', 'Economy', FALSE, 'Available'),
('VN808_23A', 'VN808', '23A', 'Economy', FALSE, 'Available'),
('VN808_23B', 'VN808', '23B', 'Economy', FALSE, 'Available'),
('VN808_23C', 'VN808', '23C', 'Economy', FALSE, 'Available'),
('VN808_23D', 'VN808', '23D', 'Economy', FALSE, 'Available'),
('VN808_23E', 'VN808', '23E', 'Economy', FALSE, 'Available'),
('VN808_23F', 'VN808', '23F', 'Economy', FALSE, 'Available'),
('VN808_24A', 'VN808', '24A', 'Economy', FALSE, 'Available'),
('VN808_24B', 'VN808', '24B', 'Economy', FALSE, 'Available'),
('VN808_24C', 'VN808', '24C', 'Economy', FALSE, 'Available'),
('VN808_24D', 'VN808', '24D', 'Economy', FALSE, 'Available'),
('VN808_24E', 'VN808', '24E', 'Economy', FALSE, 'Available'),
('VN808_24F', 'VN808', '24F', 'Economy', FALSE, 'Available'),
('VN808_25A', 'VN808', '25A', 'Economy', FALSE, 'Available'),
('VN808_25B', 'VN808', '25B', 'Economy', FALSE, 'Available'),
('VN808_25C', 'VN808', '25C', 'Economy', FALSE, 'Available'),
('VN808_25D', 'VN808', '25D', 'Economy', FALSE, 'Available'),
('VN808_25E', 'VN808', '25E', 'Economy', FALSE, 'Available'),
('VN808_25F', 'VN808', '25F', 'Economy', FALSE, 'Available'),
('VN808_26A', 'VN808', '26A', 'Economy', FALSE, 'Available'),
('VN808_26B', 'VN808', '26B', 'Economy', FALSE, 'Available'),
('VN808_26C', 'VN808', '26C', 'Economy', FALSE, 'Available'),
('VN808_26D', 'VN808', '26D', 'Economy', FALSE, 'Available'),
('VN808_26E', 'VN808', '26E', 'Economy', FALSE, 'Available'),
('VN808_26F', 'VN808', '26F', 'Economy', FALSE, 'Available'),
('VN808_27A', 'VN808', '27A', 'Economy', FALSE, 'Available'),
('VN808_27B', 'VN808', '27B', 'Economy', FALSE, 'Available'),
('VN808_27C', 'VN808', '27C', 'Economy', FALSE, 'Available'),
('VN808_27D', 'VN808', '27D', 'Economy', FALSE, 'Available'),
('VN808_27E', 'VN808', '27E', 'Economy', FALSE, 'Available'),
('VN808_27F', 'VN808', '27F', 'Economy', FALSE, 'Available'),
('VN808_28A', 'VN808', '28A', 'Economy', FALSE, 'Available'),
('VN808_28B', 'VN808', '28B', 'Economy', FALSE, 'Available'),
('VN808_28C', 'VN808', '28C', 'Economy', FALSE, 'Available'),
('VN808_28D', 'VN808', '28D', 'Economy', FALSE, 'Available'),
('VN808_28E', 'VN808', '28E', 'Economy', FALSE, 'Available'),
('VN808_28F', 'VN808', '28F', 'Economy', FALSE, 'Available'),
('VN808_29A', 'VN808', '29A', 'Economy', FALSE, 'Available'),
('VN808_29B', 'VN808', '29B', 'Economy', FALSE, 'Available'),
('VN808_29C', 'VN808', '29C', 'Economy', FALSE, 'Available'),
('VN808_29D', 'VN808', '29D', 'Economy', FALSE, 'Available'),
('VN808_29E', 'VN808', '29E', 'Economy', FALSE, 'Available'),
('VN808_29F', 'VN808', '29F', 'Economy', FALSE, 'Available'),
('VN808_30A', 'VN808', '30A', 'Economy', FALSE, 'Available'),
('VN808_30B', 'VN808', '30B', 'Economy', FALSE, 'Available'),
('VN808_30C', 'VN808', '30C', 'Economy', FALSE, 'Available'),
('VN808_30D', 'VN808', '30D', 'Economy', FALSE, 'Available'),
('VN808_30E', 'VN808', '30E', 'Economy', FALSE, 'Available'),
('VN808_30F', 'VN808', '30F', 'Economy', FALSE, 'Available'),

-- Seats for PR909 (Capacity 190)
('PR909_01A', 'PR909', '01A', 'Economy', FALSE, 'Available'),
('PR909_01B', 'PR909', '01B', 'Economy', FALSE, 'Available'),
('PR909_01C', 'PR909', '01C', 'Economy', FALSE, 'Available'),
('PR909_01D', 'PR909', '01D', 'Economy', FALSE, 'Available'),
('PR909_01E', 'PR909', '01E', 'Economy', FALSE, 'Available'),
('PR909_01F', 'PR909', '01F', 'Economy', FALSE, 'Available'),
('PR909_02A', 'PR909', '02A', 'Economy', FALSE, 'Available'),
('PR909_02B', 'PR909', '02B', 'Economy', FALSE, 'Available'),
('PR909_02C', 'PR909', '02C', 'Economy', FALSE, 'Available'),
('PR909_02D', 'PR909', '02D', 'Economy', FALSE, 'Available'),
('PR909_02E', 'PR909', '02E', 'Economy', FALSE, 'Available'),
('PR909_02F', 'PR909', '02F', 'Economy', FALSE, 'Available'),
('PR909_03A', 'PR909', '03A', 'Economy', FALSE, 'Available'),
('PR909_03B', 'PR909', '03B', 'Economy', FALSE, 'Available'),
('PR909_03C', 'PR909', '03C', 'Economy', FALSE, 'Available'),
('PR909_03D', 'PR909', '03D', 'Economy', FALSE, 'Available'),
('PR909_03E', 'PR909', '03E', 'Economy', FALSE, 'Available'),
('PR909_03F', 'PR909', '03F', 'Economy', FALSE, 'Available'),
('PR909_04A', 'PR909', '04A', 'Economy', FALSE, 'Available'),
('PR909_04B', 'PR909', '04B', 'Economy', FALSE, 'Available'),
('PR909_04C', 'PR909', '04C', 'Economy', FALSE, 'Available'),
('PR909_04D', 'PR909', '04D', 'Economy', FALSE, 'Available'),
('PR909_04E', 'PR909', '04E', 'Economy', FALSE, 'Available'),
('PR909_04F', 'PR909', '04F', 'Economy', FALSE, 'Available'),
('PR909_05A', 'PR909', '05A', 'Economy', FALSE, 'Available'),
('PR909_05B', 'PR909', '05B', 'Economy', FALSE, 'Available'),
('PR909_05C', 'PR909', '05C', 'Economy', FALSE, 'Available'),
('PR909_05D', 'PR909', '05D', 'Economy', FALSE, 'Available'),
('PR909_05E', 'PR909', '05E', 'Economy', FALSE, 'Available'),
('PR909_05F', 'PR909', '05F', 'Economy', FALSE, 'Available'),
('PR909_06A', 'PR909', '06A', 'Economy', FALSE, 'Available'),
('PR909_06B', 'PR909', '06B', 'Economy', FALSE, 'Available'),
('PR909_06C', 'PR909', '06C', 'Economy', FALSE, 'Available'),
('PR909_06D', 'PR909', '06D', 'Economy', FALSE, 'Available'),
('PR909_06E', 'PR909', '06E', 'Economy', FALSE, 'Available'),
('PR909_06F', 'PR909', '06F', 'Economy', FALSE, 'Available'),
('PR909_07A', 'PR909', '07A', 'Economy', FALSE, 'Available'),
('PR909_07B', 'PR909', '07B', 'Economy', FALSE, 'Available'),
('PR909_07C', 'PR909', '07C', 'Economy', FALSE, 'Available'),
('PR909_07D', 'PR909', '07D', 'Economy', FALSE, 'Available'),
('PR909_07E', 'PR909', '07E', 'Economy', FALSE, 'Available'),
('PR909_07F', 'PR909', '07F', 'Economy', FALSE, 'Available'),
('PR909_08A', 'PR909', '08A', 'Economy', FALSE, 'Available'),
('PR909_08B', 'PR909', '08B', 'Economy', FALSE, 'Available'),
('PR909_08C', 'PR909', '08C', 'Economy', FALSE, 'Available'),
('PR909_08D', 'PR909', '08D', 'Economy', FALSE, 'Available'),
('PR909_08E', 'PR909', '08E', 'Economy', FALSE, 'Available'),
('PR909_08F', 'PR909', '08F', 'Economy', FALSE, 'Available'),
('PR909_09A', 'PR909', '09A', 'Economy', FALSE, 'Available'),
('PR909_09B', 'PR909', '09B', 'Economy', FALSE, 'Available'),
('PR909_09C', 'PR909', '09C', 'Economy', FALSE, 'Available'),
('PR909_09D', 'PR909', '09D', 'Economy', FALSE, 'Available'),
('PR909_09E', 'PR909', '09E', 'Economy', FALSE, 'Available'),
('PR909_09F', 'PR909', '09F', 'Economy', FALSE, 'Available'),
('PR909_10A', 'PR909', '10A', 'Economy', FALSE, 'Available'),
('PR909_10B', 'PR909', '10B', 'Economy', FALSE, 'Available'),
('PR909_10C', 'PR909', '10C', 'Economy', FALSE, 'Available'),
('PR909_10D', 'PR909', '10D', 'Economy', FALSE, 'Available'),
('PR909_10E', 'PR909', '10E', 'Economy', FALSE, 'Available'),
('PR909_10F', 'PR909', '10F', 'Economy', FALSE, 'Available'),
('PR909_11A', 'PR909', '11A', 'Economy', FALSE, 'Available'),
('PR909_11B', 'PR909', '11B', 'Economy', FALSE, 'Available'),
('PR909_11C', 'PR909', '11C', 'Economy', FALSE, 'Available'),
('PR909_11D', 'PR909', '11D', 'Economy', FALSE, 'Available'),
('PR909_11E', 'PR909', '11E', 'Economy', FALSE, 'Available'),
('PR909_11F', 'PR909', '11F', 'Economy', FALSE, 'Available'),
('PR909_12A', 'PR909', '12A', 'Economy', FALSE, 'Available'),
('PR909_12B', 'PR909', '12B', 'Economy', FALSE, 'Available'),
('PR909_12C', 'PR909', '12C', 'Economy', FALSE, 'Available'),
('PR909_12D', 'PR909', '12D', 'Economy', FALSE, 'Available'),
('PR909_12E', 'PR909', '12E', 'Economy', FALSE, 'Available'),
('PR909_12F', 'PR909', '12F', 'Economy', FALSE, 'Available'),
('PR909_13A', 'PR909', '13A', 'Economy', FALSE, 'Available'),
('PR909_13B', 'PR909', '13B', 'Economy', FALSE, 'Available'),
('PR909_13C', 'PR909', '13C', 'Economy', FALSE, 'Available'),
('PR909_13D', 'PR909', '13D', 'Economy', FALSE, 'Available'),
('PR909_13E', 'PR909', '13E', 'Economy', FALSE, 'Available'),
('PR909_13F', 'PR909', '13F', 'Economy', FALSE, 'Available'),
('PR909_14A', 'PR909', '14A', 'Economy', FALSE, 'Available'),
('PR909_14B', 'PR909', '14B', 'Economy', FALSE, 'Available'),
('PR909_14C', 'PR909', '14C', 'Economy', FALSE, 'Available'),
('PR909_14D', 'PR909', '14D', 'Economy', FALSE, 'Available'),
('PR909_14E', 'PR909', '14E', 'Economy', FALSE, 'Available'),
('PR909_14F', 'PR909', '14F', 'Economy', FALSE, 'Available'),
('PR909_15A', 'PR909', '15A', 'Economy', FALSE, 'Available'),
('PR909_15B', 'PR909', '15B', 'Economy', FALSE, 'Available'),
('PR909_15C', 'PR909', '15C', 'Economy', FALSE, 'Available'),
('PR909_15D', 'PR909', '15D', 'Economy', FALSE, 'Available'),
('PR909_15E', 'PR909', '15E', 'Economy', FALSE, 'Available'),
('PR909_15F', 'PR909', '15F', 'Economy', FALSE, 'Available'),
('PR909_16A', 'PR909', '16A', 'Economy', FALSE, 'Available'),
('PR909_16B', 'PR909', '16B', 'Economy', FALSE, 'Available'),
('PR909_16C', 'PR909', '16C', 'Economy', FALSE, 'Available'),
('PR909_16D', 'PR909', '16D', 'Economy', FALSE, 'Available'),
('PR909_16E', 'PR909', '16E', 'Economy', FALSE, 'Available'),
('PR909_16F', 'PR909', '16F', 'Economy', FALSE, 'Available'),
('PR909_17A', 'PR909', '17A', 'Economy', FALSE, 'Available'),
('PR909_17B', 'PR909', '17B', 'Economy', FALSE, 'Available'),
('PR909_17C', 'PR909', '17C', 'Economy', FALSE, 'Available'),
('PR909_17D', 'PR909', '17D', 'Economy', FALSE, 'Available'),
('PR909_17E', 'PR909', '17E', 'Economy', FALSE, 'Available'),
('PR909_17F', 'PR909', '17F', 'Economy', FALSE, 'Available'),
('PR909_18A', 'PR909', '18A', 'Economy', FALSE, 'Available'),
('PR909_18B', 'PR909', '18B', 'Economy', FALSE, 'Available'),
('PR909_18C', 'PR909', '18C', 'Economy', FALSE, 'Available'),
('PR909_18D', 'PR909', '18D', 'Economy', FALSE, 'Available'),
('PR909_18E', 'PR909', '18E', 'Economy', FALSE, 'Available'),
('PR909_18F', 'PR909', '18F', 'Economy', FALSE, 'Available'),
('PR909_19A', 'PR909', '19A', 'Economy', FALSE, 'Available'),
('PR909_19B', 'PR909', '19B', 'Economy', FALSE, 'Available'),
('PR909_19C', 'PR909', '19C', 'Economy', FALSE, 'Available'),
('PR909_19D', 'PR909', '19D', 'Economy', FALSE, 'Available'),
('PR909_19E', 'PR909', '19E', 'Economy', FALSE, 'Available'),
('PR909_19F', 'PR909', '19F', 'Economy', FALSE, 'Available'),
('PR909_20A', 'PR909', '20A', 'Economy', FALSE, 'Available'),
('PR909_20B', 'PR909', '20B', 'Economy', FALSE, 'Available'),
('PR909_20C', 'PR909', '20C', 'Economy', FALSE, 'Available'),
('PR909_20D', 'PR909', '20D', 'Economy', FALSE, 'Available'),
('PR909_20E', 'PR909', '20E', 'Economy', FALSE, 'Available'),
('PR909_20F', 'PR909', '20F', 'Economy', FALSE, 'Available'),
('PR909_21A', 'PR909', '21A', 'Economy', FALSE, 'Available'),
('PR909_21B', 'PR909', '21B', 'Economy', FALSE, 'Available'),
('PR909_21C', 'PR909', '21C', 'Economy', FALSE, 'Available'),
('PR909_21D', 'PR909', '21D', 'Economy', FALSE, 'Available'),
('PR909_21E', 'PR909', '21E', 'Economy', FALSE, 'Available'),
('PR909_21F', 'PR909', '21F', 'Economy', FALSE, 'Available'),
('PR909_22A', 'PR909', '22A', 'Economy', FALSE, 'Available'),
('PR909_22B', 'PR909', '22B', 'Economy', FALSE, 'Available'),
('PR909_22C', 'PR909', '22C', 'Economy', FALSE, 'Available'),
('PR909_22D', 'PR909', '22D', 'Economy', FALSE, 'Available'),
('PR909_22E', 'PR909', '22E', 'Economy', FALSE, 'Available'),
('PR909_22F', 'PR909', '22F', 'Economy', FALSE, 'Available'),
('PR909_23A', 'PR909', '23A', 'Economy', FALSE, 'Available'),
('PR909_23B', 'PR909', '23B', 'Economy', FALSE, 'Available'),
('PR909_23C', 'PR909', '23C', 'Economy', FALSE, 'Available'),
('PR909_23D', 'PR909', '23D', 'Economy', FALSE, 'Available'),
('PR909_23E', 'PR909', '23E', 'Economy', FALSE, 'Available'),
('PR909_23F', 'PR909', '23F', 'Economy', FALSE, 'Available'),
('PR909_24A', 'PR909', '24A', 'Economy', FALSE, 'Available'),
('PR909_24B', 'PR909', '24B', 'Economy', FALSE, 'Available'),
('PR909_24C', 'PR909', '24C', 'Economy', FALSE, 'Available'),
('PR909_24D', 'PR909', '24D', 'Economy', FALSE, 'Available'),
('PR909_24E', 'PR909', '24E', 'Economy', FALSE, 'Available'),
('PR909_24F', 'PR909', '24F', 'Economy', FALSE, 'Available'),
('PR909_25A', 'PR909', '25A', 'Economy', FALSE, 'Available'),
('PR909_25B', 'PR909', '25B', 'Economy', FALSE, 'Available'),
('PR909_25C', 'PR909', '25C', 'Economy', FALSE, 'Available'),
('PR909_25D', 'PR909', '25D', 'Economy', FALSE, 'Available'),
('PR909_25E', 'PR909', '25E', 'Economy', FALSE, 'Available'),
('PR909_25F', 'PR909', '25F', 'Economy', FALSE, 'Available'),
('PR909_26A', 'PR909', '26A', 'Economy', FALSE, 'Available'),
('PR909_26B', 'PR909', '26B', 'Economy', FALSE, 'Available'),
('PR909_26C', 'PR909', '26C', 'Economy', FALSE, 'Available'),
('PR909_26D', 'PR909', '26D', 'Economy', FALSE, 'Available'),
('PR909_26E', 'PR909', '26E', 'Economy', FALSE, 'Available'),
('PR909_26F', 'PR909', '26F', 'Economy', FALSE, 'Available'),
('PR909_27A', 'PR909', '27A', 'Economy', FALSE, 'Available'),
('PR909_27B', 'PR909', '27B', 'Economy', FALSE, 'Available'),
('PR909_27C', 'PR909', '27C', 'Economy', FALSE, 'Available'),
('PR909_27D', 'PR909', '27D', 'Economy', FALSE, 'Available'),
('PR909_27E', 'PR909', '27E', 'Economy', FALSE, 'Available'),
('PR909_27F', 'PR909', '27F', 'Economy', FALSE, 'Available'),
('PR909_28A', 'PR909', '28A', 'Economy', FALSE, 'Available'),
('PR909_28B', 'PR909', '28B', 'Economy', FALSE, 'Available'),
('PR909_28C', 'PR909', '28C', 'Economy', FALSE, 'Available'),
('PR909_28D', 'PR909', '28D', 'Economy', FALSE, 'Available'),
('PR909_28E', 'PR909', '28E', 'Economy', FALSE, 'Available'),
('PR909_28F', 'PR909', '28F', 'Economy', FALSE, 'Available'),
('PR909_29A', 'PR909', '29A', 'Economy', FALSE, 'Available'),
('PR909_29B', 'PR909', '29B', 'Economy', FALSE, 'Available'),
('PR909_29C', 'PR909', '29C', 'Economy', FALSE, 'Available'),
('PR909_29D', 'PR909', '29D', 'Economy', FALSE, 'Available'),
('PR909_29E', 'PR909', '29E', 'Economy', FALSE, 'Available'),
('PR909_29F', 'PR909', '29F', 'Economy', FALSE, 'Available'),
('PR909_30A', 'PR909', '30A', 'Economy', FALSE, 'Available'),
('PR909_30B', 'PR909', '30B', 'Economy', FALSE, 'Available'),
('PR909_30C', 'PR909', '30C', 'Economy', FALSE, 'Available'),
('PR909_30D', 'PR909', '30D', 'Economy', FALSE, 'Available'),
('PR909_30E', 'PR909', '30E', 'Economy', FALSE, 'Available'),
('PR909_30F', 'PR909', '30F', 'Economy', FALSE, 'Available'),
('PR909_31A', 'PR909', '31A', 'Economy', FALSE, 'Available'),
('PR909_31B', 'PR909', '31B', 'Economy', FALSE, 'Available'),
('PR909_31C', 'PR909', '31C', 'Economy', FALSE, 'Available'),
('PR909_31D', 'PR909', '31D', 'Economy', FALSE, 'Available'),
('PR909_31E', 'PR909', '31E', 'Economy', FALSE, 'Available'),
('PR909_31F', 'PR909', '31F', 'Economy', FALSE, 'Available'),
('PR909_32A', 'PR909', '32A', 'Economy', FALSE, 'Available'),
('PR909_32B', 'PR909', '32B', 'Economy', FALSE, 'Available'),
('PR909_32C', 'PR909', '32C', 'Economy', FALSE, 'Available'),
('PR909_32D', 'PR909', '32D', 'Economy', FALSE, 'Available'),

-- Seats for CX110 (Capacity 250)
('CX110_01A', 'CX110', '01A', 'Economy', FALSE, 'Available'),
('CX110_01B', 'CX110', '01B', 'Economy', FALSE, 'Available'),
('CX110_01C', 'CX110', '01C', 'Economy', FALSE, 'Available'),
('CX110_01D', 'CX110', '01D', 'Economy', FALSE, 'Available'),
('CX110_01E', 'CX110', '01E', 'Economy', FALSE, 'Available'),
('CX110_01F', 'CX110', '01F', 'Economy', FALSE, 'Available'),
('CX110_02A', 'CX110', '02A', 'Economy', FALSE, 'Available'),
('CX110_02B', 'CX110', '02B', 'Economy', FALSE, 'Available'),
('CX110_02C', 'CX110', '02C', 'Economy', FALSE, 'Available'),
('CX110_02D', 'CX110', '02D', 'Economy', FALSE, 'Available'),
('CX110_02E', 'CX110', '02E', 'Economy', FALSE, 'Available'),
('CX110_02F', 'CX110', '02F', 'Economy', FALSE, 'Available'),
('CX110_03A', 'CX110', '03A', 'Economy', FALSE, 'Available'),
('CX110_03B', 'CX110', '03B', 'Economy', FALSE, 'Available'),
('CX110_03C', 'CX110', '03C', 'Economy', FALSE, 'Available'),
('CX110_03D', 'CX110', '03D', 'Economy', FALSE, 'Available'),
('CX110_03E', 'CX110', '03E', 'Economy', FALSE, 'Available'),
('CX110_03F', 'CX110', '03F', 'Economy', FALSE, 'Available'),
('CX110_04A', 'CX110', '04A', 'Economy', FALSE, 'Available'),
('CX110_04B', 'CX110', '04B', 'Economy', FALSE, 'Available'),
('CX110_04C', 'CX110', '04C', 'Economy', FALSE, 'Available'),
('CX110_04D', 'CX110', '04D', 'Economy', FALSE, 'Available'),
('CX110_04E', 'CX110', '04E', 'Economy', FALSE, 'Available'),
('CX110_04F', 'CX110', '04F', 'Economy', FALSE, 'Available'),
('CX110_05A', 'CX110', '05A', 'Economy', FALSE, 'Available'),
('CX110_05B', 'CX110', '05B', 'Economy', FALSE, 'Available'),
('CX110_05C', 'CX110', '05C', 'Economy', FALSE, 'Available'),
('CX110_05D', 'CX110', '05D', 'Economy', FALSE, 'Available'),
('CX110_05E', 'CX110', '05E', 'Economy', FALSE, 'Available'),
('CX110_05F', 'CX110', '05F', 'Economy', FALSE, 'Available'),
('CX110_06A', 'CX110', '06A', 'Economy', FALSE, 'Available'),
('CX110_06B', 'CX110', '06B', 'Economy', FALSE, 'Available'),
('CX110_06C', 'CX110', '06C', 'Economy', FALSE, 'Available'),
('CX110_06D', 'CX110', '06D', 'Economy', FALSE, 'Available'),
('CX110_06E', 'CX110', '06E', 'Economy', FALSE, 'Available'),
('CX110_06F', 'CX110', '06F', 'Economy', FALSE, 'Available'),
('CX110_07A', 'CX110', '07A', 'Economy', FALSE, 'Available'),
('CX110_07B', 'CX110', '07B', 'Economy', FALSE, 'Available'),
('CX110_07C', 'CX110', '07C', 'Economy', FALSE, 'Available'),
('CX110_07D', 'CX110', '07D', 'Economy', FALSE, 'Available'),
('CX110_07E', 'CX110', '07E', 'Economy', FALSE, 'Available'),
('CX110_07F', 'CX110', '07F', 'Economy', FALSE, 'Available'),
('CX110_08A', 'CX110', '08A', 'Economy', FALSE, 'Available'),
('CX110_08B', 'CX110', '08B', 'Economy', FALSE, 'Available'),
('CX110_08C', 'CX110', '08C', 'Economy', FALSE, 'Available'),
('CX110_08D', 'CX110', '08D', 'Economy', FALSE, 'Available'),
('CX110_08E', 'CX110', '08E', 'Economy', FALSE, 'Available'),
('CX110_08F', 'CX110', '08F', 'Economy', FALSE, 'Available'),
('CX110_09A', 'CX110', '09A', 'Economy', FALSE, 'Available'),
('CX110_09B', 'CX110', '09B', 'Economy', FALSE, 'Available'),
('CX110_09C', 'CX110', '09C', 'Economy', FALSE, 'Available'),
('CX110_09D', 'CX110', '09D', 'Economy', FALSE, 'Available'),
('CX110_09E', 'CX110', '09E', 'Economy', FALSE, 'Available'),
('CX110_09F', 'CX110', '09F', 'Economy', FALSE, 'Available'),
('CX110_10A', 'CX110', '10A', 'Economy', FALSE, 'Available'),
('CX110_10B', 'CX110', '10B', 'Economy', FALSE, 'Available'),
('CX110_10C', 'CX110', '10C', 'Economy', FALSE, 'Available'),
('CX110_10D', 'CX110', '10D', 'Economy', FALSE, 'Available'),
('CX110_10E', 'CX110', '10E', 'Economy', FALSE, 'Available'),
('CX110_10F', 'CX110', '10F', 'Economy', FALSE, 'Available'),
('CX110_11A', 'CX110', '11A', 'Economy', FALSE, 'Available'),
('CX110_11B', 'CX110', '11B', 'Economy', FALSE, 'Available'),
('CX110_11C', 'CX110', '11C', 'Economy', FALSE, 'Available'),
('CX110_11D', 'CX110', '11D', 'Economy', FALSE, 'Available'),
('CX110_11E', 'CX110', '11E', 'Economy', FALSE, 'Available'),
('CX110_11F', 'CX110', '11F', 'Economy', FALSE, 'Available'),
('CX110_12A', 'CX110', '12A', 'Economy', FALSE, 'Available'),
('CX110_12B', 'CX110', '12B', 'Economy', FALSE, 'Available'),
('CX110_12C', 'CX110', '12C', 'Economy', FALSE, 'Available'),
('CX110_12D', 'CX110', '12D', 'Economy', FALSE, 'Available'),
('CX110_12E', 'CX110', '12E', 'Economy', FALSE, 'Available'),
('CX110_12F', 'CX110', '12F', 'Economy', FALSE, 'Available'),
('CX110_13A', 'CX110', '13A', 'Economy', FALSE, 'Available'),
('CX110_13B', 'CX110', '13B', 'Economy', FALSE, 'Available'),
('CX110_13C', 'CX110', '13C', 'Economy', FALSE, 'Available'),
('CX110_13D', 'CX110', '13D', 'Economy', FALSE, 'Available'),
('CX110_13E', 'CX110', '13E', 'Economy', FALSE, 'Available'),
('CX110_13F', 'CX110', '13F', 'Economy', FALSE, 'Available'),
('CX110_14A', 'CX110', '14A', 'Economy', FALSE, 'Available'),
('CX110_14B', 'CX110', '14B', 'Economy', FALSE, 'Available'),
('CX110_14C', 'CX110', '14C', 'Economy', FALSE, 'Available'),
('CX110_14D', 'CX110', '14D', 'Economy', FALSE, 'Available'),
('CX110_14E', 'CX110', '14E', 'Economy', FALSE, 'Available'),
('CX110_14F', 'CX110', '14F', 'Economy', FALSE, 'Available'),
('CX110_15A', 'CX110', '15A', 'Economy', FALSE, 'Available'),
('CX110_15B', 'CX110', '15B', 'Economy', FALSE, 'Available'),
('CX110_15C', 'CX110', '15C', 'Economy', FALSE, 'Available'),
('CX110_15D', 'CX110', '15D', 'Economy', FALSE, 'Available'),
('CX110_15E', 'CX110', '15E', 'Economy', FALSE, 'Available'),
('CX110_15F', 'CX110', '15F', 'Economy', FALSE, 'Available'),
('CX110_16A', 'CX110', '16A', 'Economy', FALSE, 'Available'),
('CX110_16B', 'CX110', '16B', 'Economy', FALSE, 'Available'),
('CX110_16C', 'CX110', '16C', 'Economy', FALSE, 'Available'),
('CX110_16D', 'CX110', '16D', 'Economy', FALSE, 'Available'),
('CX110_16E', 'CX110', '16E', 'Economy', FALSE, 'Available'),
('CX110_16F', 'CX110', '16F', 'Economy', FALSE, 'Available'),
('CX110_17A', 'CX110', '17A', 'Economy', FALSE, 'Available'),
('CX110_17B', 'CX110', '17B', 'Economy', FALSE, 'Available'),
('CX110_17C', 'CX110', '17C', 'Economy', FALSE, 'Available'),
('CX110_17D', 'CX110', '17D', 'Economy', FALSE, 'Available'),
('CX110_17E', 'CX110', '17E', 'Economy', FALSE, 'Available'),
('CX110_17F', 'CX110', '17F', 'Economy', FALSE, 'Available'),
('CX110_18A', 'CX110', '18A', 'Economy', FALSE, 'Available'),
('CX110_18B', 'CX110', '18B', 'Economy', FALSE, 'Available'),
('CX110_18C', 'CX110', '18C', 'Economy', FALSE, 'Available'),
('CX110_18D', 'CX110', '18D', 'Economy', FALSE, 'Available'),
('CX110_18E', 'CX110', '18E', 'Economy', FALSE, 'Available'),
('CX110_18F', 'CX110', '18F', 'Economy', FALSE, 'Available'),
('CX110_19A', 'CX110', '19A', 'Economy', FALSE, 'Available'),
('CX110_19B', 'CX110', '19B', 'Economy', FALSE, 'Available'),
('CX110_19C', 'CX110', '19C', 'Economy', FALSE, 'Available'),
('CX110_19D', 'CX110', '19D', 'Economy', FALSE, 'Available'),
('CX110_19E', 'CX110', '19E', 'Economy', FALSE, 'Available'),
('CX110_19F', 'CX110', '19F', 'Economy', FALSE, 'Available'),
('CX110_20A', 'CX110', '20A', 'Economy', FALSE, 'Available'),
('CX110_20B', 'CX110', '20B', 'Economy', FALSE, 'Available'),
('CX110_20C', 'CX110', '20C', 'Economy', FALSE, 'Available'),
('CX110_20D', 'CX110', '20D', 'Economy', FALSE, 'Available'),
('CX110_20E', 'CX110', '20E', 'Economy', FALSE, 'Available'),
('CX110_20F', 'CX110', '20F', 'Economy', FALSE, 'Available'),
('CX110_21A', 'CX110', '21A', 'Economy', FALSE, 'Available'),
('CX110_21B', 'CX110', '21B', 'Economy', FALSE, 'Available'),
('CX110_21C', 'CX110', '21C', 'Economy', FALSE, 'Available'),
('CX110_21D', 'CX110', '21D', 'Economy', FALSE, 'Available'),
('CX110_21E', 'CX110', '21E', 'Economy', FALSE, 'Available'),
('CX110_21F', 'CX110', '21F', 'Economy', FALSE, 'Available'),
('CX110_22A', 'CX110', '22A', 'Economy', FALSE, 'Available'),
('CX110_22B', 'CX110', '22B', 'Economy', FALSE, 'Available'),
('CX110_22C', 'CX110', '22C', 'Economy', FALSE, 'Available'),
('CX110_22D', 'CX110', '22D', 'Economy', FALSE, 'Available'),
('CX110_22E', 'CX110', '22E', 'Economy', FALSE, 'Available'),
('CX110_22F', 'CX110', '22F', 'Economy', FALSE, 'Available'),
('CX110_23A', 'CX110', '23A', 'Economy', FALSE, 'Available'),
('CX110_23B', 'CX110', '23B', 'Economy', FALSE, 'Available'),
('CX110_23C', 'CX110', '23C', 'Economy', FALSE, 'Available'),
('CX110_23D', 'CX110', '23D', 'Economy', FALSE, 'Available'),
('CX110_23E', 'CX110', '23E', 'Economy', FALSE, 'Available'),
('CX110_23F', 'CX110', '23F', 'Economy', FALSE, 'Available'),
('CX110_24A', 'CX110', '24A', 'Economy', FALSE, 'Available'),
('CX110_24B', 'CX110', '24B', 'Economy', FALSE, 'Available'),
('CX110_24C', 'CX110', '24C', 'Economy', FALSE, 'Available'),
('CX110_24D', 'CX110', '24D', 'Economy', FALSE, 'Available'),
('CX110_24E', 'CX110', '24E', 'Economy', FALSE, 'Available'),
('CX110_24F', 'CX110', '24F', 'Economy', FALSE, 'Available'),
('CX110_25A', 'CX110', '25A', 'Economy', FALSE, 'Available'),
('CX110_25B', 'CX110', '25B', 'Economy', FALSE, 'Available'),
('CX110_25C', 'CX110', '25C', 'Economy', FALSE, 'Available'),
('CX110_25D', 'CX110', '25D', 'Economy', FALSE, 'Available'),
('CX110_25E', 'CX110', '25E', 'Economy', FALSE, 'Available'),
('CX110_25F', 'CX110', '25F', 'Economy', FALSE, 'Available'),
('CX110_26A', 'CX110', '26A', 'Economy', FALSE, 'Available'),
('CX110_26B', 'CX110', '26B', 'Economy', FALSE, 'Available'),
('CX110_26C', 'CX110', '26C', 'Economy', FALSE, 'Available'),
('CX110_26D', 'CX110', '26D', 'Economy', FALSE, 'Available'),
('CX110_26E', 'CX110', '26E', 'Economy', FALSE, 'Available'),
('CX110_26F', 'CX110', '26F', 'Economy', FALSE, 'Available'),
('CX110_27A', 'CX110', '27A', 'Economy', FALSE, 'Available'),
('CX110_27B', 'CX110', '27B', 'Economy', FALSE, 'Available'),
('CX110_27C', 'CX110', '27C', 'Economy', FALSE, 'Available'),
('CX110_27D', 'CX110', '27D', 'Economy', FALSE, 'Available'),
('CX110_27E', 'CX110', '27E', 'Economy', FALSE, 'Available'),
('CX110_27F', 'CX110', '27F', 'Economy', FALSE, 'Available'),
('CX110_28A', 'CX110', '28A', 'Economy', FALSE, 'Available'),
('CX110_28B', 'CX110', '28B', 'Economy', FALSE, 'Available'),
('CX110_28C', 'CX110', '28C', 'Economy', FALSE, 'Available'),
('CX110_28D', 'CX110', '28D', 'Economy', FALSE, 'Available'),
('CX110_28E', 'CX110', '28E', 'Economy', FALSE, 'Available'),
('CX110_28F', 'CX110', '28F', 'Economy', FALSE, 'Available'),
('CX110_29A', 'CX110', '29A', 'Economy', FALSE, 'Available'),
('CX110_29B', 'CX110', '29B', 'Economy', FALSE, 'Available'),
('CX110_29C', 'CX110', '29C', 'Economy', FALSE, 'Available'),
('CX110_29D', 'CX110', '29D', 'Economy', FALSE, 'Available'),
('CX110_29E', 'CX110', '29E', 'Economy', FALSE, 'Available'),
('CX110_29F', 'CX110', '29F', 'Economy', FALSE, 'Available'),
('CX110_30A', 'CX110', '30A', 'Economy', FALSE, 'Available'),
('CX110_30B', 'CX110', '30B', 'Economy', FALSE, 'Available'),
('CX110_30C', 'CX110', '30C', 'Economy', FALSE, 'Available'),
('CX110_30D', 'CX110', '30D', 'Economy', FALSE, 'Available'),
('CX110_30E', 'CX110', '30E', 'Economy', FALSE, 'Available'),
('CX110_30F', 'CX110', '30F', 'Economy', FALSE, 'Available'),
('CX110_31A', 'CX110', '31A', 'Economy', FALSE, 'Available'),
('CX110_31B', 'CX110', '31B', 'Economy', FALSE, 'Available'),
('CX110_31C', 'CX110', '31C', 'Economy', FALSE, 'Available'),
('CX110_31D', 'CX110', '31D', 'Economy', FALSE, 'Available'),
('CX110_31E', 'CX110', '31E', 'Economy', FALSE, 'Available'),
('CX110_31F', 'CX110', '31F', 'Economy', FALSE, 'Available'),
('CX110_32A', 'CX110', '32A', 'Economy', FALSE, 'Available'),
('CX110_32B', 'CX110', '32B', 'Economy', FALSE, 'Available'),
('CX110_32C', 'CX110', '32C', 'Economy', FALSE, 'Available'),
('CX110_32D', 'CX110', '32D', 'Economy', FALSE, 'Available'),
('CX110_32E', 'CX110', '32E', 'Economy', FALSE, 'Available'),
('CX110_32F', 'CX110', '32F', 'Economy', FALSE, 'Available'),
('CX110_33A', 'CX110', '33A', 'Economy', FALSE, 'Available'),
('CX110_33B', 'CX110', '33B', 'Economy', FALSE, 'Available'),
('CX110_33C', 'CX110', '33C', 'Economy', FALSE, 'Available'),
('CX110_33D', 'CX110', '33D', 'Economy', FALSE, 'Available'),
('CX110_33E', 'CX110', '33E', 'Economy', FALSE, 'Available'),
('CX110_33F', 'CX110', '33F', 'Economy', FALSE, 'Available'),
('CX110_34A', 'CX110', '34A', 'Economy', FALSE, 'Available'),
('CX110_34B', 'CX110', '34B', 'Economy', FALSE, 'Available'),
('CX110_34C', 'CX110', '34C', 'Economy', FALSE, 'Available'),
('CX110_34D', 'CX110', '34D', 'Economy', FALSE, 'Available'),
('CX110_34E', 'CX110', '34E', 'Economy', FALSE, 'Available'),
('CX110_34F', 'CX110', '34F', 'Economy', FALSE, 'Available'),
('CX110_35A', 'CX110', '35A', 'Economy', FALSE, 'Available'),
('CX110_35B', 'CX110', '35B', 'Economy', FALSE, 'Available'),
('CX110_35C', 'CX110', '35C', 'Economy', FALSE, 'Available'),
('CX110_35D', 'CX110', '35D', 'Economy', FALSE, 'Available'),
('CX110_35E', 'CX110', '35E', 'Economy', FALSE, 'Available'),
('CX110_35F', 'CX110', '35F', 'Economy', FALSE, 'Available'),
('CX110_36A', 'CX110', '36A', 'Economy', FALSE, 'Available'),
('CX110_36B', 'CX110', '36B', 'Economy', FALSE, 'Available'),
('CX110_36C', 'CX110', '36C', 'Economy', FALSE, 'Available'),
('CX110_36D', 'CX110', '36D', 'Economy', FALSE, 'Available'),
('CX110_36E', 'CX110', '36E', 'Economy', FALSE, 'Available'),
('CX110_36F', 'CX110', '36F', 'Economy', FALSE, 'Available'),
('CX110_37A', 'CX110', '37A', 'Economy', FALSE, 'Available'),
('CX110_37B', 'CX110', '37B', 'Economy', FALSE, 'Available'),
('CX110_37C', 'CX110', '37C', 'Economy', FALSE, 'Available'),
('CX110_37D', 'CX110', '37D', 'Economy', FALSE, 'Available'),
('CX110_37E', 'CX110', '37E', 'Economy', FALSE, 'Available'),
('CX110_37F', 'CX110', '37F', 'Economy', FALSE, 'Available'),
('CX110_38A', 'CX110', '38A', 'Economy', FALSE, 'Available'),
('CX110_38B', 'CX110', '38B', 'Economy', FALSE, 'Available'),
('CX110_38C', 'CX110', '38C', 'Economy', FALSE, 'Available'),
('CX110_38D', 'CX110', '38D', 'Economy', FALSE, 'Available'),
('CX110_38E', 'CX110', '38E', 'Economy', FALSE, 'Available'),
('CX110_38F', 'CX110', '38F', 'Economy', FALSE, 'Available'),
('CX110_39A', 'CX110', '39A', 'Economy', FALSE, 'Available'),
('CX110_39B', 'CX110', '39B', 'Economy', FALSE, 'Available'),
('CX110_39C', 'CX110', '39C', 'Economy', FALSE, 'Available'),
('CX110_39D', 'CX110', '39D', 'Economy', FALSE, 'Available'),
('CX110_39E', 'CX110', '39E', 'Economy', FALSE, 'Available'),
('CX110_39F', 'CX110', '39F', 'Economy', FALSE, 'Available'),
('CX110_40A', 'CX110', '40A', 'Economy', FALSE, 'Available'),
('CX110_40B', 'CX110', '40B', 'Economy', FALSE, 'Available'),
('CX110_40C', 'CX110', '40C', 'Economy', FALSE, 'Available'),
('CX110_40D', 'CX110', '40D', 'Economy', FALSE, 'Available'),
('CX110_40E', 'CX110', '40E', 'Economy', FALSE, 'Available'),
('CX110_40F', 'CX110', '40F', 'Economy', FALSE, 'Available'),
('CX110_41A', 'CX110', '41A', 'Economy', FALSE, 'Available'),
('CX110_41B', 'CX110', '41B', 'Economy', FALSE, 'Available'),
('CX110_41C', 'CX110', '41C', 'Economy', FALSE, 'Available'),
('CX110_41D', 'CX110', '41D', 'Economy', FALSE, 'Available'),
('CX110_41E', 'CX110', '41E', 'Economy', FALSE, 'Available'),
('CX110_41F', 'CX110', '41F', 'Economy', FALSE, 'Available'),
('CX110_42A', 'CX110', '42A', 'Economy', FALSE, 'Available'),
('CX110_42B', 'CX110', '42B', 'Economy', FALSE, 'Available'),
('CX110_42C', 'CX110', '42C', 'Economy', FALSE, 'Available'),
('CX110_42D', 'CX110', '42D', 'Economy', FALSE, 'Available');

-- Bookings (60 total: BKG001-BKG030 for individuals, BKG031-BKG060 for groups)
INSERT INTO `bookings` (`booking_id`, `flight_number`, `is_group_booking`, `fare_class`) VALUES
('BKG001', 'AK101', FALSE, 'Economy'), ('BKG002', 'MH202', FALSE, 'Economy'), ('BKG003', 'OD303', FALSE, 'Economy'),
('BKG004', 'SQ404', FALSE, 'Business'), ('BKG005', 'TG505', FALSE, 'Economy'), ('BKG006', 'FY606', FALSE, 'Economy'),
('BKG007', 'GA707', FALSE, 'Economy'), ('BKG008', 'VN808', FALSE, 'Business'), ('BKG009', 'PR909', FALSE, 'Economy'),
('BKG010', 'CX110', FALSE, 'First Class'), ('BKG011', 'AK101', FALSE, 'Economy'), ('BKG012', 'MH202', FALSE, 'Economy'),
('BKG013', 'OD303', FALSE, 'Economy'), ('BKG014', 'SQ404', FALSE, 'Business'), ('BKG015', 'TG505', FALSE, 'Economy'),
('BKG016', 'FY606', FALSE, 'Economy'), ('BKG017', 'GA707', FALSE, 'Economy'), ('BKG018', 'VN808', FALSE, 'Business'),
('BKG019', 'PR909', FALSE, 'Economy'), ('BKG020', 'CX110', FALSE, 'First Class'), ('BKG021', 'AK101', FALSE, 'Economy'),
('BKG022', 'MH202', FALSE, 'Economy'), ('BKG023', 'OD303', FALSE, 'Economy'), ('BKG024', 'SQ404', FALSE, 'Business'),
('BKG025', 'TG505', FALSE, 'Economy'), ('BKG026', 'FY606', FALSE, 'Economy'), ('BKG027', 'GA707', FALSE, 'Economy'),
('BKG028', 'VN808', FALSE, 'Business'), ('BKG029', 'PR909', FALSE, 'Economy'), ('BKG030', 'CX110', FALSE, 'First Class'),
('BKG031', 'AK101', TRUE, 'Economy'), ('BKG032', 'MH202', TRUE, 'Economy'), ('BKG033', 'OD303', TRUE, 'Economy'),
('BKG034', 'SQ404', TRUE, 'Business'), ('BKG035', 'TG505', TRUE, 'Economy'), ('BKG036', 'FY606', TRUE, 'Economy'),
('BKG037', 'GA707', TRUE, 'Economy'), ('BKG038', 'VN808', TRUE, 'Business'), ('BKG039', 'PR909', TRUE, 'Economy'),
('BKG040', 'CX110', TRUE, 'Economy'), ('BKG041', 'AK101', TRUE, 'Economy'), ('BKG042', 'MH202', TRUE, 'Economy'),
('BKG043', 'OD303', TRUE, 'Economy'), ('BKG044', 'SQ404', TRUE, 'Business'), ('BKG045', 'TG505', TRUE, 'Economy'),
('BKG046', 'FY606', TRUE, 'Economy'), ('BKG047', 'GA707', TRUE, 'Economy'), ('BKG048', 'VN808', TRUE, 'Business'),
('BKG049', 'PR909', TRUE, 'Economy'), ('BKG050', 'CX110', TRUE, 'Economy'), ('BKG051', 'AK101', TRUE, 'Economy'),
('BKG052', 'MH202', TRUE, 'Economy'), ('BKG053', 'OD303', TRUE, 'Economy'), ('BKG054', 'SQ404', TRUE, 'Business'),
('BKG055', 'TG505', TRUE, 'Economy'), ('BKG056', 'FY606', TRUE, 'Economy'), ('BKG057', 'GA707', TRUE, 'Economy'),
('BKG058', 'VN808', TRUE, 'Business'), ('BKG059', 'PR909', TRUE, 'Economy'), ('BKG060', 'CX110', TRUE, 'Economy');

-- Booking Passengers (100 passengers linked to bookings, all 'Not Checked In')
-- 50 passengers have purchased baggage packages
INSERT INTO `booking_passengers` (`booking_id`, `passenger_id`, `check_in_status`, `purchased_baggage_package_id`) VALUES
('BKG001', 'P001', 'Not Checked In', 'BG20'), ('BKG002', 'P002', 'Not Checked In', 'BG25'),
('BKG003', 'P003', 'Not Checked In', NULL), ('BKG004', 'P004', 'Not Checked In', 'BG30'),
('BKG005', 'P005', 'Not Checked In', NULL), ('BKG006', 'P006', 'Not Checked In', 'BG10'),
('BKG007', 'P007', 'Not Checked In', NULL), ('BKG008', 'P008', 'Not Checked In', 'BG40'),
('BKG009', 'P009', 'Not Checked In', NULL), ('BKG010', 'P010', 'Not Checked In', 'BG20'),
('BKG011', 'P011', 'Not Checked In', 'BG25'), ('BKG012', 'P012', 'Not Checked In', NULL),
('BKG013', 'P013', 'Not Checked In', 'BG30'), ('BKG014', 'P014', 'Not Checked In', NULL),
('BKG015', 'P015', 'Not Checked In', 'BG10'), ('BKG016', 'P016', 'Not Checked In', NULL),
('BKG017', 'P017', 'Not Checked In', 'BG40'), ('BKG018', 'P018', 'Not Checked In', NULL),
('BKG019', 'P019', 'Not Checked In', 'BG20'), ('BKG020', 'P020', 'Not Checked In', 'BG25'),
('BKG021', 'P021', 'Not Checked In', NULL), ('BKG022', 'P022', 'Not Checked In', 'BG30'),
('BKG023', 'P023', 'Not Checked In', NULL), ('BKG024', 'P024', 'Not Checked In', 'BG10'),
('BKG025', 'P025', 'Not Checked In', NULL), ('BKG026', 'P026', 'Not Checked In', 'BG40'),
('BKG027', 'P027', 'Not Checked In', NULL), ('BKG028', 'P028', 'Not Checked In', 'BG20'),
('BKG029', 'P029', 'Not Checked In', 'BG25'), ('BKG030', 'P030', 'Not Checked In', NULL),
('BKG031', 'P031', 'Not Checked In', 'BG20'), ('BKG031', 'P032', 'Not Checked In', 'BG20'),
('BKG031', 'P033', 'Not Checked In', NULL),
('BKG032', 'P034', 'Not Checked In', 'BG25'), ('BKG032', 'P035', 'Not Checked In', 'BG25'),
('BKG033', 'P036', 'Not Checked In', NULL), ('BKG033', 'P037', 'Not Checked In', 'BG10'),
('BKG034', 'P038', 'Not Checked In', 'BG30'), ('BKG034', 'P039', 'Not Checked In', 'BG30'),
('BKG034', 'P040', 'Not Checked In', 'BG30'),
('BKG035', 'P041', 'Not Checked In', 'BG10'), ('BKG035', 'P042', 'Not Checked In', NULL),
('BKG036', 'P043', 'Not Checked In', 'BG10'), ('BKG036', 'P044', 'Not Checked In', 'BG10'),
('BKG037', 'P045', 'Not Checked In', NULL), ('BKG037', 'P046', 'Not Checked In', NULL),
('BKG038', 'P047', 'Not Checked In', 'BG40'), ('BKG038', 'P048', 'Not Checked In', 'BG40'),
('BKG039', 'P049', 'Not Checked In', NULL), ('BKG039', 'P050', 'Not Checked In', 'BG20'),
('BKG040', 'P051', 'Not Checked In', NULL), ('BKG040', 'P052', 'Not Checked In', NULL),
('BKG041', 'P053', 'Not Checked In', 'BG25'), ('BKG041', 'P054', 'Not Checked In', 'BG25'),
('BKG042', 'P055', 'Not Checked In', NULL), ('BKG042', 'P056', 'Not Checked In', 'BG10'),
('BKG043', 'P057', 'Not Checked In', 'BG20'), ('BKG043', 'P058', 'Not Checked In', NULL),
('BKG044', 'P059', 'Not Checked In', 'BG30'), ('BKG044', 'P060', 'Not Checked In', 'BG30'),
('BKG044', 'P061', 'Not Checked In', 'BG30'),
('BKG045', 'P062', 'Not Checked In', NULL), ('BKG045', 'P063', 'Not Checked In', 'BG10'),
('BKG046', 'P064', 'Not Checked In', NULL), ('BKG046', 'P065', 'Not Checked In', 'BG10'),
('BKG047', 'P066', 'Not Checked In', NULL), ('BKG047', 'P067', 'Not Checked In', NULL),
('BKG048', 'P068', 'Not Checked In', 'BG40'), ('BKG048', 'P069', 'Not Checked In', NULL),
('BKG049', 'P070', 'Not Checked In', 'BG20'), ('BKG049', 'P071', 'Not Checked In', 'BG20'),
('BKG050', 'P072', 'Not Checked In', NULL), ('BKG050', 'P073', 'Not Checked In', NULL),
('BKG051', 'P074', 'Not Checked In', 'BG25'), ('BKG051', 'P075', 'Not Checked In', NULL),
('BKG052', 'P076', 'Not Checked In', 'BG10'), ('BKG052', 'P077', 'Not Checked In', 'BG10'),
('BKG053', 'P078', 'Not Checked In', NULL), ('BKG053', 'P079', 'Not Checked In', 'BG20'),
('BKG054', 'P080', 'Not Checked In', 'BG30'), ('BKG054', 'P081', 'Not Checked In', NULL),
('BKG054', 'P082', 'Not Checked In', 'BG30'),
('BKG055', 'P083', 'Not Checked In', 'BG10'), ('BKG055', 'P084', 'Not Checked In', 'BG10'),
('BKG056', 'P085', 'Not Checked In', NULL), ('BKG056', 'P086', 'Not Checked In', NULL),
('BKG057', 'P087', 'Not Checked In', 'BG20'), ('BKG057', 'P088', 'Not Checked In', 'BG20'),
('BKG058', 'P089', 'Not Checked In', NULL), ('BKG058', 'P090', 'Not Checked In', 'BG40'),
('BKG059', 'P091', 'Not Checked In', 'BG25'), ('BKG059', 'P092', 'Not Checked In', NULL),
('BKG060', 'P093', 'Not Checked In', 'BG10'), ('BKG060', 'P094', 'Not Checked In', 'BG10'),
('BKG060', 'P095', 'Not Checked In', NULL), ('BKG060', 'P096', 'Not Checked In', NULL),
('BKG060', 'P097', 'Not Checked In', NULL), ('BKG060', 'P098', 'Not Checked In', 'BG10'),
('BKG060', 'P099', 'Not Checked In', 'BG10'), ('BKG060', 'P100', 'Not Checked In', NULL);

-- Groups (50 total, linking group bookings to group IDs)
INSERT INTO `groups` (`group_id`, `booking_id`) VALUES
('GRP001', 'BKG031'), ('GRP002', 'BKG032'), ('GRP003', 'BKG033'), ('GRP004', 'BKG034'), ('GRP005', 'BKG035'),
('GRP006', 'BKG036'), ('GRP007', 'BKG037'), ('GRP008', 'BKG038'), ('GRP009', 'BKG039'), ('GRP010', 'BKG040'),
('GRP011', 'BKG041'), ('GRP012', 'BKG042'), ('GRP013', 'BKG043'), ('GRP014', 'BKG044'), ('GRP015', 'BKG045'),
('GRP016', 'BKG046'), ('GRP017', 'BKG047'), ('GRP018', 'BKG048'), ('GRP019', 'BKG049'), ('GRP020', 'BKG050'),
('GRP021', 'BKG051'), ('GRP022', 'BKG052'), ('GRP023', 'BKG053'), ('GRP024', 'BKG054'), ('GRP025', 'BKG055'),
('GRP026', 'BKG056'), ('GRP027', 'BKG057'), ('GRP028', 'BKG058'), ('GRP029', 'BKG059'), ('GRP030', 'BKG060');
-- GRP031-GRP050 are created but have no members as we only have 30 group bookings.

-- Group Members (70 members distributed into 30 groups)
INSERT INTO `group_members` (`group_id`, `passenger_id`) VALUES
('GRP001', 'P031'), ('GRP001', 'P032'), ('GRP001', 'P033'),
('GRP002', 'P034'), ('GRP002', 'P035'),
('GRP003', 'P036'), ('GRP003', 'P037'),
('GRP004', 'P038'), ('GRP004', 'P039'), ('GRP004', 'P040'),
('GRP005', 'P041'), ('GRP005', 'P042'),
('GRP006', 'P043'), ('GRP006', 'P044'),
('GRP007', 'P045'), ('GRP007', 'P046'),
('GRP008', 'P047'), ('GRP008', 'P048'),
('GRP009', 'P049'), ('GRP009', 'P050'),
('GRP010', 'P051'), ('GRP010', 'P052'),
('GRP011', 'P053'), ('GRP011', 'P054'),
('GRP012', 'P055'), ('GRP012', 'P056'),
('GRP013', 'P057'), ('GRP013', 'P058'),
('GRP014', 'P059'), ('GRP014', 'P060'), ('GRP014', 'P061'),
('GRP015', 'P062'), ('GRP015', 'P063'),
('GRP016', 'P064'), ('GRP016', 'P065'),
('GRP017', 'P066'), ('GRP017', 'P067'),
('GRP018', 'P068'), ('GRP018', 'P069'),
('GRP019', 'P070'), ('GRP019', 'P071'),
('GRP020', 'P072'), ('GRP020', 'P073'),
('GRP021', 'P074'), ('GRP021', 'P075'),
('GRP022', 'P076'), ('GRP022', 'P077'),
('GRP023', 'P078'), ('GRP023', 'P079'),
('GRP024', 'P080'), ('GRP024', 'P081'), ('GRP024', 'P082'),
('GRP025', 'P083'), ('GRP025', 'P084'),
('GRP026', 'P085'), ('GRP026', 'P086'),
('GRP027', 'P087'), ('GRP027', 'P088'),
('GRP028', 'P089'), ('GRP028', 'P090'),
('GRP029', 'P091'), ('GRP029', 'P092'),
('GRP030', 'P093'), ('GRP030', 'P094'), ('GRP030', 'P095'), ('GRP030', 'P096'), ('GRP030', 'P097'), ('GRP030', 'P098'), ('GRP030', 'P099'), ('GRP030', 'P100');

-- Baggage (50 records, linked to passengers with purchased packages)
INSERT INTO `baggage` (`baggage_id`, `passenger_id`, `booking_id`, `weight_kg`, `screening_status`) VALUES
('BAG001', 'P001', 'BKG001', 18.5, 'Pending'), ('BAG002', 'P002', 'BKG002', 24.0, 'Pending'),
('BAG003', 'P004', 'BKG004', 29.5, 'Pending'), ('BAG004', 'P006', 'BKG006', 9.0, 'Pending'),
('BAG005', 'P008', 'BKG008', 38.0, 'Pending'), ('BAG006', 'P010', 'BKG010', 15.0, 'Pending'),
('BAG007', 'P011', 'BKG011', 22.0, 'Pending'), ('BAG008', 'P013', 'BKG013', 25.5, 'Pending'),
('BAG009', 'P015', 'BKG015', 8.5, 'Pending'), ('BAG010', 'P017', 'BKG017', 35.0, 'Pending'),
('BAG011', 'P019', 'BKG019', 19.0, 'Pending'), ('BAG012', 'P020', 'BKG020', 21.0, 'Pending'),
('BAG013', 'P022', 'BKG022', 28.0, 'Pending'), ('BAG014', 'P024', 'BKG024', 9.8, 'Pending'),
('BAG015', 'P026', 'BKG026', 39.5, 'Pending'), ('BAG016', 'P028', 'BKG028', 17.0, 'Pending'),
('BAG017', 'P029', 'BKG029', 23.0, 'Pending'), ('BAG018', 'P031', 'BKG031', 16.5, 'Pending'),
('BAG019', 'P032', 'BKG031', 19.5, 'Pending'), ('BAG020', 'P034', 'BKG032', 22.5, 'Pending'),
('BAG021', 'P035', 'BKG032', 24.5, 'Pending'), ('BAG022', 'P037', 'BKG033', 7.0, 'Pending'),
('BAG023', 'P038', 'BKG034', 26.0, 'Pending'), ('BAG024', 'P039', 'BKG034', 28.5, 'Pending'),
('BAG025', 'P040', 'BKG034', 29.0, 'Pending'), ('BAG026', 'P041', 'BKG035', 9.5, 'Pending'),
('BAG027', 'P043', 'BKG036', 8.0, 'Pending'), ('BAG028', 'P044', 'BKG036', 9.0, 'Pending'),
('BAG029', 'P047', 'BKG038', 33.0, 'Pending'), ('BAG030', 'P048', 'BKG038', 36.5, 'Pending'),
('BAG031', 'P050', 'BKG039', 14.0, 'Pending'), ('BAG032', 'P053', 'BKG041', 24.8, 'Pending'),
('BAG033', 'P054', 'BKG041', 22.9, 'Pending'), ('BAG034', 'P056', 'BKG042', 6.5, 'Pending'),
('BAG035', 'P057', 'BKG043', 18.2, 'Pending'), ('BAG036', 'P059', 'BKG044', 29.9, 'Pending'),
('BAG037', 'P060', 'BKG044', 27.5, 'Pending'), ('BAG038', 'P061', 'BKG044', 25.0, 'Pending'),
('BAG039', 'P063', 'BKG045', 9.9, 'Pending'), ('BAG040', 'P065', 'BKG046', 8.8, 'Pending'),
('BAG041', 'P070', 'BKG049', 16.0, 'Pending'), ('BAG042', 'P071', 'BKG049', 19.8, 'Pending'),
('BAG043', 'P076', 'BKG052', 9.2, 'Pending'), ('BAG044', 'P077', 'BKG052', 9.5, 'Pending'),
('BAG045', 'P079', 'BKG053', 15.5, 'Pending'), ('BAG046', 'P087', 'BKG057', 18.0, 'Pending'),
('BAG047', 'P088', 'BKG057', 17.5, 'Pending'), ('BAG048', 'P090', 'BKG058', 39.0, 'Pending'),
('BAG049', 'P091', 'BKG059', 22.2, 'Pending'), ('BAG050', 'P093', 'BKG060', 7.5, 'Pending');

-- Assistance Details (30 records)
INSERT INTO `assistance_details` (`assistance_id`, `passenger_id`, `need_type`, `description`, `status`) VALUES
('ASSIST001', 'P003', 'Wheelchair', 'Wheelchair needed from check-in to gate.', 'Requested'),
('ASSIST002', 'P007', 'Visual Impairment', 'Requires assistance due to visual impairment.', 'Requested'),
('ASSIST003', 'P012', 'Medical', 'Requires assistance with medical device.', 'Requested'),
('ASSIST004', 'P016', 'Unaccompanied Minor', 'Passenger is an unaccompanied minor.', 'Requested'),
('ASSIST005', 'P021', 'Hearing Impairment', 'Requires assistance due to hearing impairment.', 'Requested'),
('ASSIST006', 'P025', 'Mobility', 'Difficulty with long distances.', 'Requested'),
('ASSIST007', 'P030', 'Wheelchair', 'Wheelchair needed for boarding.', 'Requested'),
('ASSIST008', 'P036', 'Expectant Mother', 'Expectant mother, requires assistance.', 'Requested'),
('ASSIST009', 'P042', 'Elderly Assistance', 'Elderly passenger needing general assistance.', 'Requested'),
('ASSIST010', 'P046', 'Medical', 'Passenger traveling with a portable oxygen concentrator.', 'Requested'),
('ASSIST011', 'P051', 'Wheelchair', 'Wheelchair needed from gate to aircraft.', 'Requested'),
('ASSIST012', 'P055', 'Cognitive Disability', 'Requires clear and simple instructions.', 'Requested'),
('ASSIST013', 'P062', 'Visual Impairment', 'Requires pre-boarding assistance.', 'Requested'),
('ASSIST014', 'P066', 'Mobility', 'Requires use of airport shuttle or buggy.', 'Requested'),
('ASSIST015', 'P072', 'Unaccompanied Minor', 'Passenger is an unaccompanied minor.', 'Requested'),
('ASSIST016', 'P078', 'Hearing Impairment', 'Needs visual announcements or alerts.', 'Requested'),
('ASSIST017', 'P081', 'Wheelchair', 'Full wheelchair assistance required.', 'Requested'),
('ASSIST018', 'P086', 'Elderly Assistance', 'Assistance with baggage and navigation.', 'Requested'),
('ASSIST019', 'P092', 'Medical', 'Allergy to peanuts, requires information.', 'Requested'),
('ASSIST020', 'P095', 'Mobility', 'Passenger uses a cane and needs extra time.', 'Requested'),
('ASSIST021', 'P098', 'Wheelchair', 'Aisle chair required for boarding.', 'Requested'),
('ASSIST022', 'P100', 'Visual Impairment', 'Needs guidance through security.', 'Requested'),
('ASSIST023', 'P005', 'Elderly Assistance', 'General assistance for elderly passenger.', 'Requested'),
('ASSIST024', 'P014', 'Expectant Mother', 'Requires priority boarding.', 'Requested'),
('ASSIST025', 'P023', 'Medical', 'Passenger has a cast on leg.', 'Requested'),
('ASSIST026', 'P033', 'Wheelchair', 'Wheelchair needed for transfer.', 'Requested'),
('ASSIST027', 'P044', 'Unaccompanied Minor', 'Needs to be escorted to the gate.', 'Requested'),
('ASSIST028', 'P053', 'Hearing Impairment', 'Needs assistance during safety briefing.', 'Requested'),
('ASSIST029', 'P064', 'Mobility', 'Cannot stand for long periods.', 'Requested'),
('ASSIST030', 'P074', 'Elderly Assistance', 'Help with navigating the terminal.', 'Requested');

-- Staff (5)
INSERT INTO `staff` (`staff_id`, `name`, `role`) VALUES
('STF001', 'Ahmad Bin Saleh', 'Check-in Agent'),
('STF002', 'Siti Binti Lim', 'Supervisor'),
('STF003', 'Kumar a/l Raja', 'Special Assistance'),
('STF004', 'Joanna Tan', 'Gate Agent'),
('STF005', 'David Chen', 'Baggage Services');

-- Check-in Counters (5)
INSERT INTO `checkin_counters` (`counter_id`, `location`, `assigned_staff_id`, `is_operational`) VALUES
('CI01', 'Row A, Counter 1-3', 'STF001', TRUE),
('CI02', 'Row A, Counter 4-6', NULL, TRUE),
('CI03', 'Row B, Counter 1-3 (Special Assistance)', 'STF003', TRUE),
('CI04', 'Row C, Counter 1-3 (Baggage Drop)', 'STF005', TRUE),
('CI05', 'Row D, Counter 1-3', NULL, FALSE);

-- Self-service Kiosks (5)
INSERT INTO `self_service_kiosks` (`kiosk_id`, `location`, `is_operational`) VALUES
('SSK01', 'Departure Hall, Near Entrance 1', TRUE),
('SSK02', 'Departure Hall, Near Row A', TRUE),
('SSK03', 'Departure Hall, Near Row C', TRUE),
('SSK04', 'After Security, Near Gate P', TRUE),
('SSK05', 'After Security, Near Gate Q', FALSE);

-- Note: `boarding_passes` and `flight_notifications` tables are intentionally left empty
-- as per the user's instructions.
-- Note: Seat data for flights other than AK101 has been omitted for brevity but would be included in a full script.