DROP DATABASE IF EXISTS `aero_check_db`;
-- Create AeroCheck Database
CREATE DATABASE IF NOT EXISTS `aero_check_db`;
USE `aero_check_db`;

-- Passengers table
CREATE TABLE IF NOT EXISTS `passengers` (
    `passenger_id` VARCHAR(50) PRIMARY KEY,
    `first_name` VARCHAR(50) NOT NULL,
    `last_name` VARCHAR(50) NOT NULL,
    `passport_number` VARCHAR(50) UNIQUE,
    `contact_phone` VARCHAR(100),
    `email_address` VARCHAR(100),
    `created_at` TIMESTAMP DEFAULT CURRENT_TIMESTAMP
);

-- Flights table
CREATE TABLE IF NOT EXISTS `flights` (
    `flight_number` VARCHAR(20) PRIMARY KEY,
    `departure_time` DATETIME NOT NULL,
    `destination` VARCHAR(100) NOT NULL,
    `gate` VARCHAR(10) NOT NULL,
    `status` VARCHAR(20) DEFAULT 'On Time',
    `capacity` ENUM('182', '110') NOT NULL DEFAULT '182'
);

-- Bookings table
CREATE TABLE IF NOT EXISTS `bookings` (
    `booking_id` VARCHAR(50) PRIMARY KEY,
    `flight_number` VARCHAR(20) NOT NULL,
    `booking_date` DATETIME DEFAULT CURRENT_TIMESTAMP,
    `status` VARCHAR(20) DEFAULT 'Confirmed',
    `is_group_booking` BOOLEAN NOT NULL DEFAULT FALSE,
    `fare_class` VARCHAR(50) NOT NULL DEFAULT 'Economy',
    FOREIGN KEY (`flight_number`) REFERENCES `flights`(`flight_number`) ON DELETE CASCADE
);

-- Baggage_Packages table
CREATE TABLE IF NOT EXISTS `baggage_packages` (
    `package_id` VARCHAR(50) PRIMARY KEY,
    `package_name` VARCHAR(100) NOT NULL,
    `additional_weight_kg` INT NOT NULL,
    `price` DECIMAL(10,2) NOT NULL,
    `description` TEXT
);

-- Seats table
CREATE TABLE IF NOT EXISTS `seats` (
    `seat_id` VARCHAR(50) PRIMARY KEY,
    `flight_number` VARCHAR(20) NOT NULL,
    `row` INT(2) NOT NULL,
    `column` VARCHAR(1) NOT NULL,
    `seat_number` VARCHAR(10) NOT NULL, 
    `seat_class` ENUM('Economy', 'Business', 'First') NOT NULL DEFAULT 'Economy', 
    `is_premium` BOOLEAN DEFAULT FALSE, 
    `status` VARCHAR(20) NOT NULL DEFAULT 'Available', 
    FOREIGN KEY (`flight_number`) REFERENCES `flights`(`flight_number`) ON DELETE CASCADE,
    UNIQUE KEY `unique_flight_seat` (`flight_number`, `row`, `column`) 
);

-- booking_Passengers table
CREATE TABLE IF NOT EXISTS `booking_passengers` (
    `id` INT AUTO_INCREMENT PRIMARY KEY,
    `booking_id` VARCHAR(50) NOT NULL,
    `passenger_id` VARCHAR(50) NOT NULL,
    `seat_number` VARCHAR(10),
    `assigned_seat_id` VARCHAR(50),
    `check_in_status` VARCHAR(20) DEFAULT 'Not Checked In',
    `purchased_baggage_package_id` VARCHAR(50),
    `additional_baggage_pieces` INT DEFAULT 0,
    `additional_baggage_weight_kg` DECIMAL(5,2) DEFAULT 0.00,
    FOREIGN KEY (`booking_id`) REFERENCES `bookings`(`booking_id`) ON DELETE CASCADE,
    FOREIGN KEY (`passenger_id`) REFERENCES `passengers`(`passenger_id`) ON DELETE CASCADE,
    FOREIGN KEY (`purchased_baggage_package_id`) REFERENCES `baggage_packages`(`package_id`),
    FOREIGN KEY (`assigned_seat_id`) REFERENCES `seats`(`seat_id`),
    UNIQUE KEY `unique_booking_passenger` (`booking_id`, `passenger_id`)
);

-- Boarding passes table
CREATE TABLE IF NOT EXISTS `boarding_passes` (
    `id` INT AUTO_INCREMENT PRIMARY KEY,
    `passenger_id` VARCHAR(50) NOT NULL,
    `flight_number` VARCHAR(20) NOT NULL,
    `booking_id` VARCHAR(50) NOT NULL,
    `seat_number` VARCHAR(10) NOT NULL,
    `qr_code` TEXT,
    `issue_datetime` DATETIME DEFAULT CURRENT_TIMESTAMP,
    FOREIGN KEY (`passenger_id`) REFERENCES `passengers`(`passenger_id`) ON DELETE CASCADE,
    FOREIGN KEY (`flight_number`) REFERENCES `flights`(`flight_number`) ON DELETE CASCADE,
    FOREIGN KEY (`booking_id`) REFERENCES `bookings`(`booking_id`) ON DELETE CASCADE
);

-- Groups table
CREATE TABLE IF NOT EXISTS `groups` (
    `group_id` VARCHAR(50) PRIMARY KEY,
    `booking_id` VARCHAR(50) NOT NULL UNIQUE,
    `created_at` TIMESTAMP DEFAULT CURRENT_TIMESTAMP,
    FOREIGN KEY (`booking_id`) REFERENCES `bookings`(`booking_id`) ON DELETE CASCADE
);

-- Group members table
CREATE TABLE IF NOT EXISTS `group_members` (
    `id` INT AUTO_INCREMENT PRIMARY KEY,
    `group_id` VARCHAR(50) NOT NULL,
    `passenger_id` VARCHAR(50) NOT NULL,
    FOREIGN KEY (`group_id`) REFERENCES `groups`(`group_id`) ON DELETE CASCADE,
    FOREIGN KEY (`passenger_id`) REFERENCES `passengers`(`passenger_id`) ON DELETE CASCADE,
    UNIQUE KEY `unique_group_member` (`group_id`, `passenger_id`)
);

-- Baggage table
CREATE TABLE IF NOT EXISTS `baggage` (
    `baggage_id` VARCHAR(50) PRIMARY KEY,
    `passenger_id` VARCHAR(50) NOT NULL,
    `booking_id` VARCHAR(50) NOT NULL,
    `package_id` VARCHAR(50) DEFAULT NULL,
    `weight_kg` DECIMAL(5,2) NOT NULL,
    `baggage_tag` VARCHAR(50),
    `screening_status` VARCHAR(20) DEFAULT 'Pending',
    `description` TEXT AFTER `screening_status`,
    `special_handling` VARCHAR(50) DEFAULT NULL,    
    `created_at` TIMESTAMP DEFAULT CURRENT_TIMESTAMP,
    FOREIGN KEY (`passenger_id`) REFERENCES `passengers`(`passenger_id`) ON DELETE CASCADE,
    FOREIGN KEY (`booking_id`) REFERENCES `bookings`(`booking_id`) ON DELETE CASCADE,
    FOREIGN KEY (`package_id`) REFERENCES `baggage_packages`(`package_id`) ON DELETE SET NULL;
);

-- Assistance details table
CREATE TABLE IF NOT EXISTS `assistance_details` (
    `assistance_id` VARCHAR(50) PRIMARY KEY,
    `passenger_id` VARCHAR(50) NOT NULL,
    `need_type` VARCHAR(50) NOT NULL,
    `description` TEXT NOT NULL,
    `status` VARCHAR(20) DEFAULT 'Requested',
    `created_at` TIMESTAMP DEFAULT CURRENT_TIMESTAMP,
    FOREIGN KEY (`passenger_id`) REFERENCES `passengers`(`passenger_id`) ON DELETE CASCADE
);

-- Staff table
CREATE TABLE IF NOT EXISTS `staff` (
    `staff_id` VARCHAR(50) PRIMARY KEY,
    `name` VARCHAR(100) NOT NULL,
    `role` VARCHAR(50) NOT NULL,
    `created_at` TIMESTAMP DEFAULT CURRENT_TIMESTAMP
);

-- Check-in counters table
CREATE TABLE IF NOT EXISTS `checkin_counters` (
    `counter_id` VARCHAR(50) PRIMARY KEY,
    `location` VARCHAR(100) NOT NULL,
    `assigned_staff_id` VARCHAR(50),
    `is_operational` BOOLEAN DEFAULT TRUE,
    FOREIGN KEY (`assigned_staff_id`) REFERENCES `staff`(`staff_id`) ON DELETE SET NULL
);

-- Self-service kiosks table
CREATE TABLE IF NOT EXISTS `self_service_kiosks` (
    `kiosk_id` VARCHAR(50) PRIMARY KEY,
    `location` VARCHAR(100) NOT NULL,
    `is_operational` BOOLEAN DEFAULT TRUE
);

-- Flight notifications table
CREATE TABLE IF NOT EXISTS `flight_notifications` (
    `id` INT AUTO_INCREMENT PRIMARY KEY,
    `passenger_id` VARCHAR(50) NOT NULL,
    `flight_number` VARCHAR(20) NOT NULL,
    `message` TEXT NOT NULL,
    `sent_at` TIMESTAMP DEFAULT CURRENT_TIMESTAMP,
    FOREIGN KEY (`passenger_id`) REFERENCES `passengers`(`passenger_id`) ON DELETE CASCADE,
    FOREIGN KEY (`flight_number`) REFERENCES `flights`(`flight_number`) ON DELETE CASCADE
);

-- Insert Sample Data
-- Passengers (100 total: P001-P030 for individual, P031-P100 for groups)
INSERT INTO `passengers` (`passenger_id`, `first_name`, `last_name`, `passport_number`, `contact_phone`, `email_address`) VALUES
('P001', 'Liam', 'Tan', 'A12345678', '+60110000001', 'liam.tan@email.com'),
('P002', 'Olivia', 'Lim', 'B23456789', '+60110000002', 'olivia.lim@email.com'),
('P003', 'Noah', 'Lee', 'C34567890', '+60110000003', 'noah.lee@email.com'),
('P004', 'Emma', 'Ng', 'D45678901', '+60110000004', 'emma.ng@email.com'),
('P005', 'Oliver', 'Wong', 'E56789012', '+60110000005', 'oliver.wong@email.com'),
('P006', 'Ava', 'Chan', 'F67890123', '+60110000006', 'ava.chan@email.com'),
('P007', 'Elijah', 'Goh', 'G78901234', '+60110000007', 'elijah.goh@email.com'),
('P008', 'Charlotte', 'Chin', 'H89012345', '+60110000008', 'charlotte.chin@email.com'),
('P009', 'William', 'Wee', 'I90123456', '+60110000009', 'william.wee@email.com'),
('P010', 'Sophia', 'Teh', 'J01234567', '+60110000010', 'sophia.teh@email.com'),
('P011', 'James', 'Yap', 'K12345678', '+60110000011', 'james.yap@email.com'),
('P012', 'Amelia', 'Ho', 'L23456789', '+60110000012', 'amelia.ho@email.com'),
('P013', 'Benjamin', 'Lau', 'M34567890', '+60110000013', 'benjamin.lau@email.com'),
('P014', 'Isabella', 'Siti', 'N45678901', '+60110000014', 'isabella.siti@email.com'),
('P015', 'Lucas', 'Aziz', 'O56789012', '+60110000015', 'lucas.aziz@email.com'),
('P016', 'Mia', 'Rahman', 'P67890123', '+60110000016', 'mia.rahman@email.com'),
('P017', 'Henry', 'Ibrahim', 'Q78901234', '+60110000017', 'henry.ibrahim@email.com'),
('P018', 'Evelyn', 'Kumar', 'R89012345', '+60110000018', 'evelyn.kumar@email.com'),
('P019', 'Alexander', 'Raja', 'S90123456', '+60110000019', 'alexander.raja@email.com'),
('P020', 'Harper', 'Krishnan', 'T01234567', '+60110000020', 'harper.krishnan@email.com'),
('P021', 'Michael', 'Singh', 'U12345678', '+60110000021', 'michael.singh@email.com'),
('P022', 'Emily', 'Pillai', 'V23456789', '+60110000022', 'emily.pillai@email.com'),
('P023', 'Ethan', 'Yusof', 'W34567890', '+60110000023', 'ethan.yusof@email.com'),
('P024', 'Abigail', 'Ahmad', 'X45678901', '+60110000024', 'abigail.ahmad@email.com'),
('P025', 'Daniel', 'Lim', 'Y56789012', '+60110000025', 'daniel.lim@email.com'),
('P026', 'Madison', 'Tan', 'Z67890123', '+60110000026', 'madison.tan@email.com'),
('P027', 'Jacob', 'Goh', 'AA1234567', '+60110000027', 'jacob.goh@email.com'),
('P028', 'Scarlett', 'Lee', 'BB2345678', '+60110000028', 'scarlett.lee@email.com'),
('P029', 'Logan', 'Wong', 'CC3456789', '+60110000029', 'logan.wong@email.com'),
('P030', 'Victoria', 'Chan', 'DD4567890', '+60110000030', 'victoria.chan@email.com'),
('P031', 'Jackson', 'Ng', 'EE5678901', '+60110000031', 'jackson.ng@email.com'),
('P032', 'Aria', 'Chin', 'FF6789012', '+60110000032', 'aria.chin@email.com'),
('P033', 'Sebastian', 'Wee', 'GG7890123', '+60110000033', 'sebastian.wee@email.com'),
('P034', 'Grace', 'Teh', 'HH8901234', '+60110000034', 'grace.teh@email.com'),
('P035', 'Mateo', 'Yap', 'II9012345', '+60110000035', 'mateo.yap@email.com'),
('P036', 'Chloe', 'Ho', 'JJ0123456', '+60110000036', 'chloe.ho@email.com'),
('P037', 'David', 'Lau', 'KK1234567', '+60110000037', 'david.lau@email.com'),
('P038', 'Zoey', 'Siti', 'LL2345678', '+60110000038', 'zoey.siti@email.com'),
('P039', 'Joseph', 'Aziz', 'MM3456789', '+60110000039', 'joseph.aziz@email.com'),
('P040', 'Penelope', 'Rahman', 'NN4567890', '+60110000040', 'penelope.rahman@email.com'),
('P041', 'Samuel', 'Ibrahim', 'OO5678901', '+60110000041', 'samuel.ibrahim@email.com'),
('P042', 'Lily', 'Kumar', 'PP6789012', '+60110000042', 'lily.kumar@email.com'),
('P043', 'Matthew', 'Raja', 'QQ7890123', '+60110000043', 'matthew.raja@email.com'),
('P044', 'Layla', 'Krishnan', 'RR8901234', '+60110000044', 'layla.krishnan@email.com'),
('P045', 'John', 'Singh', 'SS9012345', '+60110000045', 'john.singh@email.com'),
('P046', 'Riley', 'Pillai', 'TT0123456', '+60110000046', 'riley.pillai@email.com'),
('P047', 'Owen', 'Yusof', 'UU1234567', '+60110000047', 'owen.yusof@email.com'),
('P048', 'Nora', 'Ahmad', 'VV2345678', '+60110000048', 'nora.ahmad@email.com'),
('P049', 'Wyatt', 'Lim', 'WW3456789', '+60110000049', 'wyatt.lim@email.com'),
('P050', 'Eleanor', 'Tan', 'XX4567890', '+60110000050', 'eleanor.tan@email.com'),
('P051', 'Jack', 'Goh', 'YY5678901', '+60110000051', 'jack.goh@email.com'),
('P052', 'Hannah', 'Lee', 'ZZ6789012', '+60110000052', 'hannah.lee@email.com'),
('P053', 'Luke', 'Wong', 'AAA123456', '+60110000053', 'luke.wong@email.com'),
('P054', 'Lillian', 'Chan', 'BBB234567', '+60110000054', 'lillian.chan@email.com'),
('P055', 'Jayden', 'Ng', 'CCC345678', '+60110000055', 'jayden.ng@email.com'),
('P056', 'Addison', 'Chin', 'DDD456789', '+60110000056', 'addison.chin@email.com'),
('P057', 'Dylan', 'Wee', 'EEE567890', '+60110000057', 'dylan.wee@email.com'),
('P058', 'Aubrey', 'Teh', 'FFF678901', '+60110000058', 'aubrey.teh@email.com'),
('P059', 'Grayson', 'Yap', 'GGG789012', '+60110000059', 'grayson.yap@email.com'),
('P060', 'Stella', 'Ho', 'HHH890123', '+60110000060', 'stella.ho@email.com'),
('P061', 'Levi', 'Lau', 'III901234', '+60110000061', 'levi.lau@email.com'),
('P062', 'Natalie', 'Siti', 'JJJ012345', '+60110000062', 'natalie.siti@email.com'),
('P063', 'Isaac', 'Aziz', 'KKK123456', '+60110000063', 'isaac.aziz@email.com'),
('P064', 'Zoe', 'Rahman', 'LLL234567', '+60110000064', 'zoe.rahman@email.com'),
('P065', 'Gabriel', 'Ibrahim', 'MMM345678', '+60110000065', 'gabriel.ibrahim@email.com'),
('P066', 'Leah', 'Kumar', 'NNN456789', '+60110000066', 'leah.kumar@email.com'),
('P067', 'Anthony', 'Raja', 'OOO567890', '+60110000067', 'anthony.raja@email.com'),
('P068', 'Hazel', 'Krishnan', 'PPP678901', '+60110000068', 'hazel.krishnan@email.com'),
('P069', 'Christopher', 'Singh', 'QQQ789012', '+60110000069', 'christopher.singh@email.com'),
('P070', 'Violet', 'Pillai', 'RRR890123', '+60110000070', 'violet.pillai@email.com'),
('P071', 'Joshua', 'Yusof', 'SSS901234', '+60110000071', 'joshua.yusof@email.com'),
('P072', 'Aurora', 'Ahmad', 'TTT012345', '+60110000072', 'aurora.ahmad@email.com'),
('P073', 'Andrew', 'Lim', 'UUU123456', '+60110000073', 'andrew.lim@email.com'),
('P074', 'Savannah', 'Tan', 'VVV234567', '+60110000074', 'savannah.tan@email.com'),
('P075', 'Lincoln', 'Goh', 'WWW345678', '+60110000075', 'lincoln.goh@email.com'),
('P076', 'Brooklyn', 'Lee', 'XXX456789', '+60110000076', 'brooklyn.lee@email.com'),
('P077', 'Theodore', 'Wong', 'YYY567890', '+60110000077', 'theodore.wong@email.com'),
('P078', 'Bella', 'Chan', 'ZZZ678901', '+60110000078', 'bella.chan@email.com'),
('P079', 'Caleb', 'Ng', 'AAAA12345', '+60110000079', 'caleb.ng@email.com'),
('P080', 'Claire', 'Chin', 'BBBB23456', '+60110000080', 'claire.chin@email.com'),
('P081', 'Ryan', 'Wee', 'CCCC34567', '+60110000081', 'ryan.wee@email.com'),
('P082', 'Skylar', 'Teh', 'DDDD45678', '+60110000082', 'skylar.teh@email.com'),
('P083', 'Nathan', 'Yap', 'EEEE56789', '+60110000083', 'nathan.yap@email.com'),
('P084', 'Paisley', 'Ho', 'FFFF67890', '+60110000084', 'paisley.ho@email.com'),
('P085', 'Thomas', 'Lau', 'GGGG78901', '+60110000085', 'thomas.lau@email.com'),
('P086', 'Everly', 'Siti', 'HHHH89012', '+60110000086', 'everly.siti@email.com'),
('P087', 'Isaiah', 'Aziz', 'IIII90123', '+60110000087', 'isaiah.aziz@email.com'),
('P088', 'Anna', 'Rahman', 'JJJJ01234', '+60110000088', 'anna.rahman@email.com'),
('P089', 'Charles', 'Ibrahim', 'KKKK12345', '+60110000089', 'charles.ibrahim@email.com'),
('P090', 'Caroline', 'Kumar', 'LLLL23456', '+60110000090', 'caroline.kumar@email.com'),
('P091', 'Christian', 'Raja', 'MMMM34567', '+60110000091', 'christian.raja@email.com'),
('P092', 'Nova', 'Krishnan', 'NNNN45678', '+60110000092', 'nova.krishnan@email.com'),
('P093', 'Hunter', 'Singh', 'OOOO56789', '+60110000093', 'hunter.singh@email.com'),
('P094', 'Genesis', 'Pillai', 'PPPP67890', '+60110000094', 'genesis.pillai@email.com'),
('P095', 'Eli', 'Yusof', 'QQQQ78901', '+60110000095', 'eli.yusof@email.com'),
('P096', 'Emilia', 'Ahmad', 'RRRR89012', '+60110000096', 'emilia.ahmad@email.com'),
('P097', 'Jonathan', 'Lim', 'SSSS90123', '+60110000097', 'jonathan.lim@email.com'),
('P098', 'Kennedy', 'Tan', 'TTTT01234', '+60110000098', 'kennedy.tan@email.com'),
('P099', 'Connor', 'Goh', 'UUUU12345', '+60110000099', 'connor.goh@email.com'),
('P100', 'Samantha', 'Lee', 'VVVV23456', '+60110000100', 'samantha.lee@email.com');

-- Flights (10)
INSERT INTO `flights` (`flight_number`, `departure_time`, `destination`, `gate`, `status`, `capacity`) VALUES
('AK101', '2025-08-01 09:00:00', 'Penang', 'P4', 'On Time', '182'), 
('MH202', '2025-08-01 11:30:00', 'Singapore', 'Q2', 'On Time', '182'),
('OD303', '2025-08-02 14:00:00', 'Bangkok', 'R1', 'On Time', '182'), 
('SQ404', '2025-08-02 16:45:00', 'Singapore', 'Q3', 'On Time', '182'),
('TG505', '2025-08-03 08:15:00', 'Phuket', 'R5', 'On Time', '182'), 
('FY606', '2025-08-03 10:30:00', 'Langkawi', 'P6', 'On Time', '110'),
('GA707', '2025-08-04 13:00:00', 'Jakarta', 'S1', 'On Time', '110'), 
('VN808', '2025-08-04 15:20:00', 'Ho Chi Minh City', 'T2', 'On Time', '110'), 
('PR909', '2025-08-05 07:00:00', 'Manila', 'U3', 'On Time', '110'), 
('CX110', '2025-08-05 18:00:00', 'Hong Kong', 'V7', 'On Time', '110'); 

-- Baggage Packages (5)
INSERT INTO `baggage_packages` (`package_id`, `package_name`, `additional_weight_kg`, `price`, `description`) VALUES
('BG10', 'Standard 10kg', 10, 40.00, '10kg check-in baggage allowance'),
('BG20', 'Value 20kg', 20, 75.00, '20kg check-in baggage allowance'),  
  ('BG25', 'Extra 25kg', 25, 90.00, '25kg check-in baggage allowance'),  
('BG30', 'Super 30kg', 30, 105.00, '30kg check-in baggage allowance'), 
('BG40', 'Mega 40kg', 40, 130.00, '40kg check-in baggage allowance for heavy travelers'); 

-- Seats (Only assigned seats with status)
INSERT INTO `seats` (`seat_id`, `flight_number`, `row`, `column`, `seat_number`, `seat_class`, `is_premium`, `status`) VALUES
-- SQ404 Business Class seats (assigned to passengers)
('SQ404_01A', 'SQ404', 1, 'A', '01A', 'Business', TRUE, 'Occupied'),
('SQ404_01B', 'SQ404', 1, 'B', '01B', 'Business', TRUE, 'Occupied'),
('SQ404_01C', 'SQ404', 1, 'C', '01C', 'Business', TRUE, 'Occupied'),
('SQ404_01D', 'SQ404', 1, 'D', '01D', 'Business', TRUE, 'Occupied'),
('SQ404_02A', 'SQ404', 2, 'A', '02A', 'Business', TRUE, 'Occupied'),
('SQ404_02B', 'SQ404', 2, 'B', '02B', 'Business', TRUE, 'Occupied'),
('SQ404_02C', 'SQ404', 2, 'C', '02C', 'Business', TRUE, 'Occupied'),
('SQ404_02D', 'SQ404', 2, 'D', '02D', 'Business', TRUE, 'Occupied'),
('SQ404_03A', 'SQ404', 3, 'A', '03A', 'Business', TRUE, 'Occupied'),
('SQ404_03B', 'SQ404', 3, 'B', '03B', 'Business', TRUE, 'Occupied'),
('SQ404_03C', 'SQ404', 3, 'C', '03C', 'Business', TRUE, 'Occupied'),
('SQ404_03D', 'SQ404', 3, 'D', '03D', 'Business', TRUE, 'Occupied'),
-- VN808 Business Class seats (assigned to passengers)
('VN808_05A', 'VN808', 5, 'A', '05A', 'Business', TRUE, 'Occupied'),
('VN808_05B', 'VN808', 5, 'B', '05B', 'Business', TRUE, 'Occupied'),
('VN808_05C', 'VN808', 5, 'C', '05C', 'Business', TRUE, 'Occupied'),
('VN808_05D', 'VN808', 5, 'D', '05D', 'Business', TRUE, 'Occupied'),
('VN808_06A', 'VN808', 6, 'A', '06A', 'Business', TRUE, 'Occupied'),
('VN808_06B', 'VN808', 6, 'B', '06B', 'Business', TRUE, 'Occupied'),
('VN808_06C', 'VN808', 6, 'C', '06C', 'Business', TRUE, 'Occupied'),
('VN808_06D', 'VN808', 6, 'D', '06D', 'Business', TRUE, 'Occupied'),
('VN808_07A', 'VN808', 7, 'A', '07A', 'Business', TRUE, 'Occupied'),
-- CX110 First Class seats (assigned to passengers)
('CX110_01A', 'CX110', 1, 'A', '01A', 'First', TRUE, 'Occupied'),
('CX110_01B', 'CX110', 1, 'B', '01B', 'First', TRUE, 'Occupied'),
('CX110_01C', 'CX110', 1, 'C', '01C', 'First', TRUE, 'Occupied');

INSERT INTO `seats` (`seat_id`, `flight_number`, `row`, `column`, `seat_number`, `seat_class`, `is_premium`) VALUES
('AK101_09A', 'AK101', 9, 'A', '09A', 'Economy', TRUE),
('AK101_09B', 'AK101', 9, 'B', '09B', 'Economy', TRUE),
('AK101_09C', 'AK101', 9, 'C', '09C', 'Economy', TRUE),
('AK101_09D', 'AK101', 9, 'D', '09D', 'Economy', TRUE),
('AK101_09E', 'AK101', 9, 'E', '09E', 'Economy', TRUE),
('AK101_09F', 'AK101', 9, 'F', '09F', 'Economy', TRUE),
('AK101_10A', 'AK101', 10, 'A', '10A', 'Economy', TRUE),
('AK101_10B', 'AK101', 10, 'B', '10B', 'Economy', TRUE),
('AK101_10C', 'AK101', 10, 'C', '10C', 'Economy', TRUE),
('AK101_10D', 'AK101', 10, 'D', '10D', 'Economy', TRUE),
('AK101_10E', 'AK101', 10, 'E', '10E', 'Economy', TRUE),
('AK101_10F', 'AK101', 10, 'F', '10F', 'Economy', TRUE),
('AK101_11A', 'AK101', 11, 'A', '11A', 'Economy', TRUE),
('AK101_11B', 'AK101', 11, 'B', '11B', 'Economy', TRUE),
('AK101_11C', 'AK101', 11, 'C', '11C', 'Economy', TRUE),
('AK101_11D', 'AK101', 11, 'D', '11D', 'Economy', TRUE),
('AK101_11E', 'AK101', 11, 'E', '11E', 'Economy', TRUE),
('AK101_11F', 'AK101', 11, 'F', '11F', 'Economy', TRUE),
('AK101_12A', 'AK101', 12, 'A', '12A', 'Economy', TRUE),
('AK101_12B', 'AK101', 12, 'B', '12B', 'Economy', TRUE),
('AK101_12C', 'AK101', 12, 'C', '12C', 'Economy', TRUE),
('AK101_12D', 'AK101', 12, 'D', '12D', 'Economy', TRUE),
('AK101_12E', 'AK101', 12, 'E', '12E', 'Economy', TRUE),
('AK101_12F', 'AK101', 12, 'F', '12F', 'Economy', TRUE),
('AK101_13A', 'AK101', 13, 'A', '13A', 'Economy', TRUE),
('AK101_13B', 'AK101', 13, 'B', '13B', 'Economy', TRUE),
('AK101_13C', 'AK101', 13, 'C', '13C', 'Economy', TRUE),
('AK101_13D', 'AK101', 13, 'D', '13D', 'Economy', TRUE),
('AK101_13E', 'AK101', 13, 'E', '13E', 'Economy', TRUE),
('AK101_13F', 'AK101', 13, 'F', '13F', 'Economy', TRUE),
('AK101_14A', 'AK101', 14, 'A', '14A', 'Economy', TRUE),
('AK101_14B', 'AK101', 14, 'B', '14B', 'Economy', TRUE),
('AK101_14C', 'AK101', 14, 'C', '14C', 'Economy', TRUE),
('AK101_14D', 'AK101', 14, 'D', '14D', 'Economy', TRUE),
('AK101_14E', 'AK101', 14, 'E', '14E', 'Economy', TRUE),
('AK101_14F', 'AK101', 14, 'F', '14F', 'Economy', TRUE),
('AK101_15A', 'AK101', 15, 'A', '15A', 'Economy', TRUE),
('AK101_15B', 'AK101', 15, 'B', '15B', 'Economy', TRUE),
('AK101_15C', 'AK101', 15, 'C', '15C', 'Economy', TRUE),
('AK101_15D', 'AK101', 15, 'D', '15D', 'Economy', TRUE),
('AK101_15E', 'AK101', 15, 'E', '15E', 'Economy', TRUE),
('AK101_15F', 'AK101', 15, 'F', '15F', 'Economy', TRUE),
('AK101_16A', 'AK101', 16, 'A', '16A', 'Economy', FALSE),
('AK101_16B', 'AK101', 16, 'B', '16B', 'Economy', FALSE),
('AK101_16C', 'AK101', 16, 'C', '16C', 'Economy', FALSE),
('AK101_16D', 'AK101', 16, 'D', '16D', 'Economy', FALSE),
('AK101_16E', 'AK101', 16, 'E', '16E', 'Economy', FALSE),
('AK101_16F', 'AK101', 16, 'F', '16F', 'Economy', FALSE),
('AK101_17A', 'AK101', 17, 'A', '17A', 'Economy', FALSE),
('AK101_17B', 'AK101', 17, 'B', '17B', 'Economy', FALSE),
('AK101_17C', 'AK101', 17, 'C', '17C', 'Economy', FALSE),
('AK101_17D', 'AK101', 17, 'D', '17D', 'Economy', FALSE),
('AK101_17E', 'AK101', 17, 'E', '17E', 'Economy', FALSE),
('AK101_17F', 'AK101', 17, 'F', '17F', 'Economy', FALSE),
('AK101_18A', 'AK101', 18, 'A', '18A', 'Economy', FALSE),
('AK101_18B', 'AK101', 18, 'B', '18B', 'Economy', FALSE),
('AK101_18C', 'AK101', 18, 'C', '18C', 'Economy', FALSE),
('AK101_18D', 'AK101', 18, 'D', '18D', 'Economy', FALSE),
('AK101_18E', 'AK101', 18, 'E', '18E', 'Economy', FALSE),
('AK101_18F', 'AK101', 18, 'F', '18F', 'Economy', FALSE),
('AK101_19A', 'AK101', 19, 'A', '19A', 'Economy', FALSE),
('AK101_19B', 'AK101', 19, 'B', '19B', 'Economy', FALSE),
('AK101_19C', 'AK101', 19, 'C', '19C', 'Economy', FALSE),
('AK101_19D', 'AK101', 19, 'D', '19D', 'Economy', FALSE),
('AK101_19E', 'AK101', 19, 'E', '19E', 'Economy', FALSE),
('AK101_19F', 'AK101', 19, 'F', '19F', 'Economy', FALSE),
('AK101_20A', 'AK101', 20, 'A', '20A', 'Economy', FALSE),
('AK101_20B', 'AK101', 20, 'B', '20B', 'Economy', FALSE),
('AK101_20C', 'AK101', 20, 'C', '20C', 'Economy', FALSE),
('AK101_20D', 'AK101', 20, 'D', '20D', 'Economy', FALSE),
('AK101_20E', 'AK101', 20, 'E', '20E', 'Economy', FALSE),
('AK101_20F', 'AK101', 20, 'F', '20F', 'Economy', FALSE),
('AK101_21A', 'AK101', 21, 'A', '21A', 'Economy', FALSE),
('AK101_21B', 'AK101', 21, 'B', '21B', 'Economy', FALSE),
('AK101_21C', 'AK101', 21, 'C', '21C', 'Economy', FALSE),
('AK101_21D', 'AK101', 21, 'D', '21D', 'Economy', FALSE),
('AK101_21E', 'AK101', 21, 'E', '21E', 'Economy', FALSE),
('AK101_21F', 'AK101', 21, 'F', '21F', 'Economy', FALSE),
('AK101_22A', 'AK101', 22, 'A', '22A', 'Economy', FALSE),
('AK101_22B', 'AK101', 22, 'B', '22B', 'Economy', FALSE),
('AK101_22C', 'AK101', 22, 'C', '22C', 'Economy', FALSE),
('AK101_22D', 'AK101', 22, 'D', '22D', 'Economy', FALSE),
('AK101_22E', 'AK101', 22, 'E', '22E', 'Economy', FALSE),
('AK101_22F', 'AK101', 22, 'F', '22F', 'Economy', FALSE),
('AK101_23A', 'AK101', 23, 'A', '23A', 'Economy', FALSE),
('AK101_23B', 'AK101', 23, 'B', '23B', 'Economy', FALSE),
('AK101_23C', 'AK101', 23, 'C', '23C', 'Economy', FALSE),
('AK101_23D', 'AK101', 23, 'D', '23D', 'Economy', FALSE),
('AK101_23E', 'AK101', 23, 'E', '23E', 'Economy', FALSE),
('AK101_23F', 'AK101', 23, 'F', '23F', 'Economy', FALSE),
('AK101_24A', 'AK101', 24, 'A', '24A', 'Economy', FALSE),
('AK101_24B', 'AK101', 24, 'B', '24B', 'Economy', FALSE),
('AK101_24C', 'AK101', 24, 'C', '24C', 'Economy', FALSE),
('AK101_24D', 'AK101', 24, 'D', '24D', 'Economy', FALSE),
('AK101_24E', 'AK101', 24, 'E', '24E', 'Economy', FALSE),
('AK101_24F', 'AK101', 24, 'F', '24F', 'Economy', FALSE),
('AK101_25A', 'AK101', 25, 'A', '25A', 'Economy', FALSE),
('AK101_25B', 'AK101', 25, 'B', '25B', 'Economy', FALSE),
('AK101_25C', 'AK101', 25, 'C', '25C', 'Economy', FALSE),
('AK101_25D', 'AK101', 25, 'D', '25D', 'Economy', FALSE),
('AK101_25E', 'AK101', 25, 'E', '25E', 'Economy', FALSE),
('AK101_25F', 'AK101', 25, 'F', '25F', 'Economy', FALSE),
('AK101_26A', 'AK101', 26, 'A', '26A', 'Economy', FALSE),
('AK101_26B', 'AK101', 26, 'B', '26B', 'Economy', FALSE),
('AK101_26C', 'AK101', 26, 'C', '26C', 'Economy', FALSE),
('AK101_26D', 'AK101', 26, 'D', '26D', 'Economy', FALSE),
('AK101_26E', 'AK101', 26, 'E', '26E', 'Economy', FALSE),
('AK101_26F', 'AK101', 26, 'F', '26F', 'Economy', FALSE),
('AK101_27A', 'AK101', 27, 'A', '27A', 'Economy', FALSE),
('AK101_27B', 'AK101', 27, 'B', '27B', 'Economy', FALSE),
('AK101_27C', 'AK101', 27, 'C', '27C', 'Economy', FALSE),
('AK101_27D', 'AK101', 27, 'D', '27D', 'Economy', FALSE),
('AK101_27E', 'AK101', 27, 'E', '27E', 'Economy', FALSE),
('AK101_27F', 'AK101', 27, 'F', '27F', 'Economy', FALSE),
('AK101_28A', 'AK101', 28, 'A', '28A', 'Economy', FALSE),
('AK101_28B', 'AK101', 28, 'B', '28B', 'Economy', FALSE),
('AK101_28C', 'AK101', 28, 'C', '28C', 'Economy', FALSE),
('AK101_28D', 'AK101', 28, 'D', '28D', 'Economy', FALSE),
('AK101_28E', 'AK101', 28, 'E', '28E', 'Economy', FALSE),
('AK101_28F', 'AK101', 28, 'F', '28F', 'Economy', FALSE),
('AK101_29A', 'AK101', 29, 'A', '29A', 'Economy', FALSE),
('AK101_29B', 'AK101', 29, 'B', '29B', 'Economy', FALSE),
('AK101_29C', 'AK101', 29, 'C', '29C', 'Economy', FALSE),
('AK101_29D', 'AK101', 29, 'D', '29D', 'Economy', FALSE),
('AK101_29E', 'AK101', 29, 'E', '29E', 'Economy', FALSE),
('AK101_29F', 'AK101', 29, 'F', '29F', 'Economy', FALSE),
('AK101_30A', 'AK101', 30, 'A', '30A', 'Economy', FALSE),
('AK101_30B', 'AK101', 30, 'B', '30B', 'Economy', FALSE),
('AK101_30C', 'AK101', 30, 'C', '30C', 'Economy', FALSE),
('AK101_30D', 'AK101', 30, 'D', '30D', 'Economy', FALSE),
('AK101_30E', 'AK101', 30, 'E', '30E', 'Economy', FALSE),
('AK101_30F', 'AK101', 30, 'F', '30F', 'Economy', FALSE),
('AK101_31A', 'AK101', 31, 'A', '31A', 'Economy', FALSE),
('AK101_31B', 'AK101', 31, 'B', '31B', 'Economy', FALSE),
('AK101_31C', 'AK101', 31, 'C', '31C', 'Economy', FALSE),
('AK101_31D', 'AK101', 31, 'D', '31D', 'Economy', FALSE),
('AK101_31E', 'AK101', 31, 'E', '31E', 'Economy', FALSE),
('AK101_31F', 'AK101', 31, 'F', '31F', 'Economy', FALSE),
('AK101_32A', 'AK101', 32, 'A', '32A', 'Economy', FALSE),
('AK101_32B', 'AK101', 32, 'B', '32B', 'Economy', FALSE),
('AK101_32C', 'AK101', 32, 'C', '32C', 'Economy', FALSE),
('AK101_32D', 'AK101', 32, 'D', '32D', 'Economy', FALSE),
('AK101_32E', 'AK101', 32, 'E', '32E', 'Economy', FALSE),
('AK101_32F', 'AK101', 32, 'F', '32F', 'Economy', FALSE),
('AK101_33A', 'AK101', 33, 'A', '33A', 'Economy', FALSE),
('AK101_33B', 'AK101', 33, 'B', '33B', 'Economy', FALSE),
('AK101_33C', 'AK101', 33, 'C', '33C', 'Economy', FALSE),
('AK101_33D', 'AK101', 33, 'D', '33D', 'Economy', FALSE),
('AK101_33E', 'AK101', 33, 'E', '33E', 'Economy', FALSE),
('AK101_33F', 'AK101', 33, 'F', '33F', 'Economy', FALSE),
('AK101_34A', 'AK101', 34, 'A', '34A', 'Economy', FALSE),
('AK101_34B', 'AK101', 34, 'B', '34B', 'Economy', FALSE),
('AK101_34C', 'AK101', 34, 'C', '34C', 'Economy', FALSE),
('AK101_34D', 'AK101', 34, 'D', '34D', 'Economy', FALSE),
('AK101_34E', 'AK101', 34, 'E', '34E', 'Economy', FALSE),
('AK101_34F', 'AK101', 34, 'F', '34F', 'Economy', FALSE),
('MH202_01A', 'MH202', 1, 'A', '01A', 'Business', TRUE),
('MH202_01B', 'MH202', 1, 'B', '01B', 'Business', TRUE),
('MH202_01C', 'MH202', 1, 'C', '01C', 'Business', TRUE),
('MH202_01D', 'MH202', 1, 'D', '01D', 'Business', TRUE),
('MH202_02A', 'MH202', 2, 'A', '02A', 'Business', TRUE),
('MH202_02B', 'MH202', 2, 'B', '02B', 'Business', TRUE),
('MH202_02C', 'MH202', 2, 'C', '02C', 'Business', TRUE),
('MH202_02D', 'MH202', 2, 'D', '02D', 'Business', TRUE),
('MH202_03A', 'MH202', 3, 'A', '03A', 'Business', TRUE),
('MH202_03B', 'MH202', 3, 'B', '03B', 'Business', TRUE),
('MH202_03C', 'MH202', 3, 'C', '03C', 'Business', TRUE),
('MH202_03D', 'MH202', 3, 'D', '03D', 'Business', TRUE),
('MH202_04A', 'MH202', 4, 'A', '04A', 'Business', TRUE),
('MH202_04B', 'MH202', 4, 'B', '04B', 'Business', TRUE),
('MH202_04C', 'MH202', 4, 'C', '04C', 'Business', TRUE),
('MH202_04D', 'MH202', 4, 'D', '04D', 'Business', TRUE),
('MH202_05A', 'MH202', 5, 'A', '05A', 'Business', TRUE),
('MH202_05B', 'MH202', 5, 'B', '05B', 'Business', TRUE),
('MH202_05C', 'MH202', 5, 'C', '05C', 'Business', TRUE),
('MH202_05D', 'MH202', 5, 'D', '05D', 'Business', TRUE),
('MH202_06A', 'MH202', 6, 'A', '06A', 'Business', TRUE),
('MH202_06B', 'MH202', 6, 'B', '06B', 'Business', TRUE),
('MH202_06C', 'MH202', 6, 'C', '06C', 'Business', TRUE),
('MH202_06D', 'MH202', 6, 'D', '06D', 'Business', TRUE),
('MH202_08A', 'MH202', 8, 'A', '08A', 'Economy', TRUE),
('MH202_08B', 'MH202', 8, 'B', '08B', 'Economy', TRUE),
('MH202_08C', 'MH202', 8, 'C', '08C', 'Economy', TRUE),
('MH202_08D', 'MH202', 8, 'D', '08D', 'Economy', TRUE),
('MH202_08E', 'MH202', 8, 'E', '08E', 'Economy', TRUE),
('MH202_08F', 'MH202', 8, 'F', '08F', 'Economy', TRUE),
('MH202_09A', 'MH202', 9, 'A', '09A', 'Economy', TRUE),
('MH202_09B', 'MH202', 9, 'B', '09B', 'Economy', TRUE),
('MH202_09C', 'MH202', 9, 'C', '09C', 'Economy', TRUE),
('MH202_09D', 'MH202', 9, 'D', '09D', 'Economy', TRUE),
('MH202_09E', 'MH202', 9, 'E', '09E', 'Economy', TRUE),
('MH202_09F', 'MH202', 9, 'F', '09F', 'Economy', TRUE),
('MH202_10A', 'MH202', 10, 'A', '10A', 'Economy', TRUE),
('MH202_10B', 'MH202', 10, 'B', '10B', 'Economy', TRUE),
('MH202_10C', 'MH202', 10, 'C', '10C', 'Economy', TRUE),
('MH202_10D', 'MH202', 10, 'D', '10D', 'Economy', TRUE),
('MH202_10E', 'MH202', 10, 'E', '10E', 'Economy', TRUE),
('MH202_10F', 'MH202', 10, 'F', '10F', 'Economy', TRUE),
('MH202_11A', 'MH202', 11, 'A', '11A', 'Economy', TRUE),
('MH202_11B', 'MH202', 11, 'B', '11B', 'Economy', TRUE),
('MH202_11C', 'MH202', 11, 'C', '11C', 'Economy', TRUE),
('MH202_11D', 'MH202', 11, 'D', '11D', 'Economy', TRUE),
('MH202_11E', 'MH202', 11, 'E', '11E', 'Economy', TRUE),
('MH202_11F', 'MH202', 11, 'F', '11F', 'Economy', TRUE),
('MH202_12A', 'MH202', 12, 'A', '12A', 'Economy', TRUE),
('MH202_12B', 'MH202', 12, 'B', '12B', 'Economy', TRUE),
('MH202_12C', 'MH202', 12, 'C', '12C', 'Economy', TRUE),
('MH202_12D', 'MH202', 12, 'D', '12D', 'Economy', TRUE),
('MH202_12E', 'MH202', 12, 'E', '12E', 'Economy', TRUE),
('MH202_12F', 'MH202', 12, 'F', '12F', 'Economy', TRUE),
('MH202_13A', 'MH202', 13, 'A', '13A', 'Economy', TRUE),
('MH202_13B', 'MH202', 13, 'B', '13B', 'Economy', TRUE),
('MH202_13C', 'MH202', 13, 'C', '13C', 'Economy', TRUE),
('MH202_13D', 'MH202', 13, 'D', '13D', 'Economy', TRUE),
('MH202_13E', 'MH202', 13, 'E', '13E', 'Economy', TRUE),
('MH202_13F', 'MH202', 13, 'F', '13F', 'Economy', TRUE),
('MH202_14A', 'MH202', 14, 'A', '14A', 'Economy', TRUE),
('MH202_14B', 'MH202', 14, 'B', '14B', 'Economy', TRUE),
('MH202_14C', 'MH202', 14, 'C', '14C', 'Economy', TRUE),
('MH202_14D', 'MH202', 14, 'D', '14D', 'Economy', TRUE),
('MH202_14E', 'MH202', 14, 'E', '14E', 'Economy', TRUE),
('MH202_14F', 'MH202', 14, 'F', '14F', 'Economy', TRUE),
('MH202_15A', 'MH202', 15, 'A', '15A', 'Economy', TRUE),
('MH202_15B', 'MH202', 15, 'B', '15B', 'Economy', TRUE),
('MH202_15C', 'MH202', 15, 'C', '15C', 'Economy', TRUE),
('MH202_15D', 'MH202', 15, 'D', '15D', 'Economy', TRUE),
('MH202_15E', 'MH202', 15, 'E', '15E', 'Economy', TRUE),
('MH202_15F', 'MH202', 15, 'F', '15F', 'Economy', TRUE),
('MH202_16A', 'MH202', 16, 'A', '16A', 'Economy', FALSE),
('MH202_16B', 'MH202', 16, 'B', '16B', 'Economy', FALSE),
('MH202_16C', 'MH202', 16, 'C', '16C', 'Economy', FALSE),
('MH202_16D', 'MH202', 16, 'D', '16D', 'Economy', FALSE),
('MH202_16E', 'MH202', 16, 'E', '16E', 'Economy', FALSE),
('MH202_16F', 'MH202', 16, 'F', '16F', 'Economy', FALSE),
('MH202_17A', 'MH202', 17, 'A', '17A', 'Economy', FALSE),
('MH202_17B', 'MH202', 17, 'B', '17B', 'Economy', FALSE),
('MH202_17C', 'MH202', 17, 'C', '17C', 'Economy', FALSE),
('MH202_17D', 'MH202', 17, 'D', '17D', 'Economy', FALSE),
('MH202_17E', 'MH202', 17, 'E', '17E', 'Economy', FALSE),
('MH202_17F', 'MH202', 17, 'F', '17F', 'Economy', FALSE),
('MH202_18A', 'MH202', 18, 'A', '18A', 'Economy', FALSE),
('MH202_18B', 'MH202', 18, 'B', '18B', 'Economy', FALSE),
('MH202_18C', 'MH202', 18, 'C', '18C', 'Economy', FALSE),
('MH202_18D', 'MH202', 18, 'D', '18D', 'Economy', FALSE),
('MH202_18E', 'MH202', 18, 'E', '18E', 'Economy', FALSE),
('MH202_18F', 'MH202', 18, 'F', '18F', 'Economy', FALSE),
('MH202_19A', 'MH202', 19, 'A', '19A', 'Economy', FALSE),
('MH202_19B', 'MH202', 19, 'B', '19B', 'Economy', FALSE),
('MH202_19C', 'MH202', 19, 'C', '19C', 'Economy', FALSE),
('MH202_19D', 'MH202', 19, 'D', '19D', 'Economy', FALSE),
('MH202_19E', 'MH202', 19, 'E', '19E', 'Economy', FALSE),
('MH202_19F', 'MH202', 19, 'F', '19F', 'Economy', FALSE),
('MH202_20A', 'MH202', 20, 'A', '20A', 'Economy', FALSE),
('MH202_20B', 'MH202', 20, 'B', '20B', 'Economy', FALSE),
('MH202_20C', 'MH202', 20, 'C', '20C', 'Economy', FALSE),
('MH202_20D', 'MH202', 20, 'D', '20D', 'Economy', FALSE),
('MH202_20E', 'MH202', 20, 'E', '20E', 'Economy', FALSE),
('MH202_20F', 'MH202', 20, 'F', '20F', 'Economy', FALSE),
('MH202_21A', 'MH202', 21, 'A', '21A', 'Economy', FALSE),
('MH202_21B', 'MH202', 21, 'B', '21B', 'Economy', FALSE),
('MH202_21C', 'MH202', 21, 'C', '21C', 'Economy', FALSE),
('MH202_21D', 'MH202', 21, 'D', '21D', 'Economy', FALSE),
('MH202_21E', 'MH202', 21, 'E', '21E', 'Economy', FALSE),
('MH202_21F', 'MH202', 21, 'F', '21F', 'Economy', FALSE),
('MH202_22A', 'MH202', 22, 'A', '22A', 'Economy', FALSE),
('MH202_22B', 'MH202', 22, 'B', '22B', 'Economy', FALSE),
('MH202_22C', 'MH202', 22, 'C', '22C', 'Economy', FALSE),
('MH202_22D', 'MH202', 22, 'D', '22D', 'Economy', FALSE),
('MH202_22E', 'MH202', 22, 'E', '22E', 'Economy', FALSE),
('MH202_22F', 'MH202', 22, 'F', '22F', 'Economy', FALSE),
('MH202_23A', 'MH202', 23, 'A', '23A', 'Economy', FALSE),
('MH202_23B', 'MH202', 23, 'B', '23B', 'Economy', FALSE),
('MH202_23C', 'MH202', 23, 'C', '23C', 'Economy', FALSE),
('MH202_23D', 'MH202', 23, 'D', '23D', 'Economy', FALSE),
('MH202_23E', 'MH202', 23, 'E', '23E', 'Economy', FALSE),
('MH202_23F', 'MH202', 23, 'F', '23F', 'Economy', FALSE),
('MH202_24A', 'MH202', 24, 'A', '24A', 'Economy', FALSE),
('MH202_24B', 'MH202', 24, 'B', '24B', 'Economy', FALSE),
('MH202_24C', 'MH202', 24, 'C', '24C', 'Economy', FALSE),
('MH202_24D', 'MH202', 24, 'D', '24D', 'Economy', FALSE),
('MH202_24E', 'MH202', 24, 'E', '24E', 'Economy', FALSE),
('MH202_24F', 'MH202', 24, 'F', '24F', 'Economy', FALSE),
('MH202_25A', 'MH202', 25, 'A', '25A', 'Economy', FALSE),
('MH202_25B', 'MH202', 25, 'B', '25B', 'Economy', FALSE),
('MH202_25C', 'MH202', 25, 'C', '25C', 'Economy', FALSE),
('MH202_25D', 'MH202', 25, 'D', '25D', 'Economy', FALSE),
('MH202_25E', 'MH202', 25, 'E', '25E', 'Economy', FALSE),
('MH202_25F', 'MH202', 25, 'F', '25F', 'Economy', FALSE),
('MH202_26A', 'MH202', 26, 'A', '26A', 'Economy', FALSE),
('MH202_26B', 'MH202', 26, 'B', '26B', 'Economy', FALSE),
('MH202_26C', 'MH202', 26, 'C', '26C', 'Economy', FALSE),
('MH202_26D', 'MH202', 26, 'D', '26D', 'Economy', FALSE),
('MH202_26E', 'MH202', 26, 'E', '26E', 'Economy', FALSE),
('MH202_26F', 'MH202', 26, 'F', '26F', 'Economy', FALSE),
('MH202_27A', 'MH202', 27, 'A', '27A', 'Economy', FALSE),
('MH202_27B', 'MH202', 27, 'B', '27B', 'Economy', FALSE),
('MH202_27C', 'MH202', 27, 'C', '27C', 'Economy', FALSE),
('MH202_27D', 'MH202', 27, 'D', '27D', 'Economy', FALSE),
('MH202_27E', 'MH202', 27, 'E', '27E', 'Economy', FALSE),
('MH202_27F', 'MH202', 27, 'F', '27F', 'Economy', FALSE),
('MH202_28A', 'MH202', 28, 'A', '28A', 'Economy', FALSE),
('MH202_28B', 'MH202', 28, 'B', '28B', 'Economy', FALSE),
('MH202_28C', 'MH202', 28, 'C', '28C', 'Economy', FALSE),
('MH202_28D', 'MH202', 28, 'D', '28D', 'Economy', FALSE),
('MH202_28E', 'MH202', 28, 'E', '28E', 'Economy', FALSE),
('MH202_28F', 'MH202', 28, 'F', '28F', 'Economy', FALSE),
('MH202_29A', 'MH202', 29, 'A', '29A', 'Economy', FALSE),
('MH202_29B', 'MH202', 29, 'B', '29B', 'Economy', FALSE),
('MH202_29C', 'MH202', 29, 'C', '29C', 'Economy', FALSE),
('MH202_29D', 'MH202', 29, 'D', '29D', 'Economy', FALSE),
('MH202_29E', 'MH202', 29, 'E', '29E', 'Economy', FALSE),
('MH202_29F', 'MH202', 29, 'F', '29F', 'Economy', FALSE),
('MH202_30A', 'MH202', 30, 'A', '30A', 'Economy', FALSE),
('MH202_30B', 'MH202', 30, 'B', '30B', 'Economy', FALSE),
('MH202_30C', 'MH202', 30, 'C', '30C', 'Economy', FALSE),
('MH202_30D', 'MH202', 30, 'D', '30D', 'Economy', FALSE),
('MH202_30E', 'MH202', 30, 'E', '30E', 'Economy', FALSE),
('MH202_30F', 'MH202', 30, 'F', '30F', 'Economy', FALSE),
('MH202_31A', 'MH202', 31, 'A', '31A', 'Economy', FALSE),
('MH202_31B', 'MH202', 31, 'B', '31B', 'Economy', FALSE),
('MH202_31C', 'MH202', 31, 'C', '31C', 'Economy', FALSE),
('MH202_31D', 'MH202', 31, 'D', '31D', 'Economy', FALSE),
('MH202_31E', 'MH202', 31, 'E', '31E', 'Economy', FALSE),
('MH202_31F', 'MH202', 31, 'F', '31F', 'Economy', FALSE),
('MH202_32A', 'MH202', 32, 'A', '32A', 'Economy', FALSE),
('MH202_32B', 'MH202', 32, 'B', '32B', 'Economy', FALSE),
('MH202_32C', 'MH202', 32, 'C', '32C', 'Economy', FALSE),
('MH202_32D', 'MH202', 32, 'D', '32D', 'Economy', FALSE),
('MH202_32E', 'MH202', 32, 'E', '32E', 'Economy', FALSE),
('MH202_32F', 'MH202', 32, 'F', '32F', 'Economy', FALSE),
('MH202_33A', 'MH202', 33, 'A', '33A', 'Economy', FALSE),
('MH202_33B', 'MH202', 33, 'B', '33B', 'Economy', FALSE),
('MH202_33C', 'MH202', 33, 'C', '33C', 'Economy', FALSE),
('MH202_33D', 'MH202', 33, 'D', '33D', 'Economy', FALSE),
('MH202_33E', 'MH202', 33, 'E', '33E', 'Economy', FALSE),
('MH202_33F', 'MH202', 33, 'F', '33F', 'Economy', FALSE),
('MH202_34A', 'MH202', 34, 'A', '34A', 'Economy', FALSE),
('MH202_34B', 'MH202', 34, 'B', '34B', 'Economy', FALSE),
('MH202_34C', 'MH202', 34, 'C', '34C', 'Economy', FALSE),
('MH202_34D', 'MH202', 34, 'D', '34D', 'Economy', FALSE),
('MH202_34E', 'MH202', 34, 'E', '34E', 'Economy', FALSE),
('MH202_34F', 'MH202', 34, 'F', '34F', 'Economy', FALSE),
('OD303_01A', 'OD303', 1, 'A', '01A', 'Business', TRUE),
('OD303_01B', 'OD303', 1, 'B', '01B', 'Business', TRUE),
('OD303_01C', 'OD303', 1, 'C', '01C', 'Business', TRUE),
('OD303_01D', 'OD303', 1, 'D', '01D', 'Business', TRUE),
('OD303_02A', 'OD303', 2, 'A', '02A', 'Business', TRUE),
('OD303_02B', 'OD303', 2, 'B', '02B', 'Business', TRUE),
('OD303_02C', 'OD303', 2, 'C', '02C', 'Business', TRUE),
('OD303_02D', 'OD303', 2, 'D', '02D', 'Business', TRUE),
('OD303_03A', 'OD303', 3, 'A', '03A', 'Business', TRUE),
('OD303_03B', 'OD303', 3, 'B', '03B', 'Business', TRUE),
('OD303_03C', 'OD303', 3, 'C', '03C', 'Business', TRUE),
('OD303_03D', 'OD303', 3, 'D', '03D', 'Business', TRUE),
('OD303_04A', 'OD303', 4, 'A', '04A', 'Business', TRUE),
('OD303_04B', 'OD303', 4, 'B', '04B', 'Business', TRUE),
('OD303_04C', 'OD303', 4, 'C', '04C', 'Business', TRUE),
('OD303_04D', 'OD303', 4, 'D', '04D', 'Business', TRUE),
('OD303_05A', 'OD303', 5, 'A', '05A', 'Business', TRUE),
('OD303_05B', 'OD303', 5, 'B', '05B', 'Business', TRUE),
('OD303_05C', 'OD303', 5, 'C', '05C', 'Business', TRUE),
('OD303_05D', 'OD303', 5, 'D', '05D', 'Business', TRUE),
('OD303_06A', 'OD303', 6, 'A', '06A', 'Business', TRUE),
('OD303_06B', 'OD303', 6, 'B', '06B', 'Business', TRUE),
('OD303_06C', 'OD303', 6, 'C', '06C', 'Business', TRUE),
('OD303_06D', 'OD303', 6, 'D', '06D', 'Business', TRUE),
('OD303_08A', 'OD303', 8, 'A', '08A', 'Economy', TRUE),
('OD303_08B', 'OD303', 8, 'B', '08B', 'Economy', TRUE),
('OD303_08C', 'OD303', 8, 'C', '08C', 'Economy', TRUE),
('OD303_08D', 'OD303', 8, 'D', '08D', 'Economy', TRUE),
('OD303_08E', 'OD303', 8, 'E', '08E', 'Economy', TRUE),
('OD303_08F', 'OD303', 8, 'F', '08F', 'Economy', TRUE),
('OD303_09A', 'OD303', 9, 'A', '09A', 'Economy', TRUE),
('OD303_09B', 'OD303', 9, 'B', '09B', 'Economy', TRUE),
('OD303_09C', 'OD303', 9, 'C', '09C', 'Economy', TRUE),
('OD303_09D', 'OD303', 9, 'D', '09D', 'Economy', TRUE),
('OD303_09E', 'OD303', 9, 'E', '09E', 'Economy', TRUE),
('OD303_09F', 'OD303', 9, 'F', '09F', 'Economy', TRUE),
('OD303_10A', 'OD303', 10, 'A', '10A', 'Economy', TRUE),
('OD303_10B', 'OD303', 10, 'B', '10B', 'Economy', TRUE),
('OD303_10C', 'OD303', 10, 'C', '10C', 'Economy', TRUE),
('OD303_10D', 'OD303', 10, 'D', '10D', 'Economy', TRUE),
('OD303_10E', 'OD303', 10, 'E', '10E', 'Economy', TRUE),
('OD303_10F', 'OD303', 10, 'F', '10F', 'Economy', TRUE),
('OD303_11A', 'OD303', 11, 'A', '11A', 'Economy', TRUE),
('OD303_11B', 'OD303', 11, 'B', '11B', 'Economy', TRUE),
('OD303_11C', 'OD303', 11, 'C', '11C', 'Economy', TRUE),
('OD303_11D', 'OD303', 11, 'D', '11D', 'Economy', TRUE),
('OD303_11E', 'OD303', 11, 'E', '11E', 'Economy', TRUE),
('OD303_11F', 'OD303', 11, 'F', '11F', 'Economy', TRUE),
('OD303_12A', 'OD303', 12, 'A', '12A', 'Economy', TRUE),
('OD303_12B', 'OD303', 12, 'B', '12B', 'Economy', TRUE),
('OD303_12C', 'OD303', 12, 'C', '12C', 'Economy', TRUE),
('OD303_12D', 'OD303', 12, 'D', '12D', 'Economy', TRUE),
('OD303_12E', 'OD303', 12, 'E', '12E', 'Economy', TRUE),
('OD303_12F', 'OD303', 12, 'F', '12F', 'Economy', TRUE),
('OD303_13A', 'OD303', 13, 'A', '13A', 'Economy', TRUE),
('OD303_13B', 'OD303', 13, 'B', '13B', 'Economy', TRUE),
('OD303_13C', 'OD303', 13, 'C', '13C', 'Economy', TRUE),
('OD303_13D', 'OD303', 13, 'D', '13D', 'Economy', TRUE),
('OD303_13E', 'OD303', 13, 'E', '13E', 'Economy', TRUE),
('OD303_13F', 'OD303', 13, 'F', '13F', 'Economy', TRUE),
('OD303_14A', 'OD303', 14, 'A', '14A', 'Economy', TRUE),
('OD303_14B', 'OD303', 14, 'B', '14B', 'Economy', TRUE),
('OD303_14C', 'OD303', 14, 'C', '14C', 'Economy', TRUE),
('OD303_14D', 'OD303', 14, 'D', '14D', 'Economy', TRUE),
('OD303_14E', 'OD303', 14, 'E', '14E', 'Economy', TRUE),
('OD303_14F', 'OD303', 14, 'F', '14F', 'Economy', TRUE),
('OD303_15A', 'OD303', 15, 'A', '15A', 'Economy', TRUE),
('OD303_15B', 'OD303', 15, 'B', '15B', 'Economy', TRUE),
('OD303_15C', 'OD303', 15, 'C', '15C', 'Economy', TRUE),
('OD303_15D', 'OD303', 15, 'D', '15D', 'Economy', TRUE),
('OD303_15E', 'OD303', 15, 'E', '15E', 'Economy', TRUE),
('OD303_15F', 'OD303', 15, 'F', '15F', 'Economy', TRUE),
('OD303_16A', 'OD303', 16, 'A', '16A', 'Economy', FALSE),
('OD303_16B', 'OD303', 16, 'B', '16B', 'Economy', FALSE),
('OD303_16C', 'OD303', 16, 'C', '16C', 'Economy', FALSE),
('OD303_16D', 'OD303', 16, 'D', '16D', 'Economy', FALSE),
('OD303_16E', 'OD303', 16, 'E', '16E', 'Economy', FALSE),
('OD303_16F', 'OD303', 16, 'F', '16F', 'Economy', FALSE),
('OD303_17A', 'OD303', 17, 'A', '17A', 'Economy', FALSE),
('OD303_17B', 'OD303', 17, 'B', '17B', 'Economy', FALSE),
('OD303_17C', 'OD303', 17, 'C', '17C', 'Economy', FALSE),
('OD303_17D', 'OD303', 17, 'D', '17D', 'Economy', FALSE),
('OD303_17E', 'OD303', 17, 'E', '17E', 'Economy', FALSE),
('OD303_17F', 'OD303', 17, 'F', '17F', 'Economy', FALSE),
('OD303_18A', 'OD303', 18, 'A', '18A', 'Economy', FALSE),
('OD303_18B', 'OD303', 18, 'B', '18B', 'Economy', FALSE),
('OD303_18C', 'OD303', 18, 'C', '18C', 'Economy', FALSE),
('OD303_18D', 'OD303', 18, 'D', '18D', 'Economy', FALSE),
('OD303_18E', 'OD303', 18, 'E', '18E', 'Economy', FALSE),
('OD303_18F', 'OD303', 18, 'F', '18F', 'Economy', FALSE),
('OD303_19A', 'OD303', 19, 'A', '19A', 'Economy', FALSE),
('OD303_19B', 'OD303', 19, 'B', '19B', 'Economy', FALSE),
('OD303_19C', 'OD303', 19, 'C', '19C', 'Economy', FALSE),
('OD303_19D', 'OD303', 19, 'D', '19D', 'Economy', FALSE),
('OD303_19E', 'OD303', 19, 'E', '19E', 'Economy', FALSE),
('OD303_19F', 'OD303', 19, 'F', '19F', 'Economy', FALSE),
('OD303_20A', 'OD303', 20, 'A', '20A', 'Economy', FALSE),
('OD303_20B', 'OD303', 20, 'B', '20B', 'Economy', FALSE),
('OD303_20C', 'OD303', 20, 'C', '20C', 'Economy', FALSE),
('OD303_20D', 'OD303', 20, 'D', '20D', 'Economy', FALSE),
('OD303_20E', 'OD303', 20, 'E', '20E', 'Economy', FALSE),
('OD303_20F', 'OD303', 20, 'F', '20F', 'Economy', FALSE),
('OD303_21A', 'OD303', 21, 'A', '21A', 'Economy', FALSE),
('OD303_21B', 'OD303', 21, 'B', '21B', 'Economy', FALSE),
('OD303_21C', 'OD303', 21, 'C', '21C', 'Economy', FALSE),
('OD303_21D', 'OD303', 21, 'D', '21D', 'Economy', FALSE),
('OD303_21E', 'OD303', 21, 'E', '21E', 'Economy', FALSE),
('OD303_21F', 'OD303', 21, 'F', '21F', 'Economy', FALSE),
('OD303_22A', 'OD303', 22, 'A', '22A', 'Economy', FALSE),
('OD303_22B', 'OD303', 22, 'B', '22B', 'Economy', FALSE),
('OD303_22C', 'OD303', 22, 'C', '22C', 'Economy', FALSE),
('OD303_22D', 'OD303', 22, 'D', '22D', 'Economy', FALSE),
('OD303_22E', 'OD303', 22, 'E', '22E', 'Economy', FALSE),
('OD303_22F', 'OD303', 22, 'F', '22F', 'Economy', FALSE),
('OD303_23A', 'OD303', 23, 'A', '23A', 'Economy', FALSE),
('OD303_23B', 'OD303', 23, 'B', '23B', 'Economy', FALSE),
('OD303_23C', 'OD303', 23, 'C', '23C', 'Economy', FALSE),
('OD303_23D', 'OD303', 23, 'D', '23D', 'Economy', FALSE),
('OD303_23E', 'OD303', 23, 'E', '23E', 'Economy', FALSE),
('OD303_23F', 'OD303', 23, 'F', '23F', 'Economy', FALSE),
('OD303_24A', 'OD303', 24, 'A', '24A', 'Economy', FALSE),
('OD303_24B', 'OD303', 24, 'B', '24B', 'Economy', FALSE),
('OD303_24C', 'OD303', 24, 'C', '24C', 'Economy', FALSE),
('OD303_24D', 'OD303', 24, 'D', '24D', 'Economy', FALSE),
('OD303_24E', 'OD303', 24, 'E', '24E', 'Economy', FALSE),
('OD303_24F', 'OD303', 24, 'F', '24F', 'Economy', FALSE),
('OD303_25A', 'OD303', 25, 'A', '25A', 'Economy', FALSE),
('OD303_25B', 'OD303', 25, 'B', '25B', 'Economy', FALSE),
('OD303_25C', 'OD303', 25, 'C', '25C', 'Economy', FALSE),
('OD303_25D', 'OD303', 25, 'D', '25D', 'Economy', FALSE),
('OD303_25E', 'OD303', 25, 'E', '25E', 'Economy', FALSE),
('OD303_25F', 'OD303', 25, 'F', '25F', 'Economy', FALSE),
('OD303_26A', 'OD303', 26, 'A', '26A', 'Economy', FALSE),
('OD303_26B', 'OD303', 26, 'B', '26B', 'Economy', FALSE),
('OD303_26C', 'OD303', 26, 'C', '26C', 'Economy', FALSE),
('OD303_26D', 'OD303', 26, 'D', '26D', 'Economy', FALSE),
('OD303_26E', 'OD303', 26, 'E', '26E', 'Economy', FALSE),
('OD303_26F', 'OD303', 26, 'F', '26F', 'Economy', FALSE),
('OD303_27A', 'OD303', 27, 'A', '27A', 'Economy', FALSE),
('OD303_27B', 'OD303', 27, 'B', '27B', 'Economy', FALSE),
('OD303_27C', 'OD303', 27, 'C', '27C', 'Economy', FALSE),
('OD303_27D', 'OD303', 27, 'D', '27D', 'Economy', FALSE),
('OD303_27E', 'OD303', 27, 'E', '27E', 'Economy', FALSE),
('OD303_27F', 'OD303', 27, 'F', '27F', 'Economy', FALSE),
('OD303_28A', 'OD303', 28, 'A', '28A', 'Economy', FALSE),
('OD303_28B', 'OD303', 28, 'B', '28B', 'Economy', FALSE),
('OD303_28C', 'OD303', 28, 'C', '28C', 'Economy', FALSE),
('OD303_28D', 'OD303', 28, 'D', '28D', 'Economy', FALSE),
('OD303_28E', 'OD303', 28, 'E', '28E', 'Economy', FALSE),
('OD303_28F', 'OD303', 28, 'F', '28F', 'Economy', FALSE),
('OD303_29A', 'OD303', 29, 'A', '29A', 'Economy', FALSE),
('OD303_29B', 'OD303', 29, 'B', '29B', 'Economy', FALSE),
('OD303_29C', 'OD303', 29, 'C', '29C', 'Economy', FALSE),
('OD303_29D', 'OD303', 29, 'D', '29D', 'Economy', FALSE),
('OD303_29E', 'OD303', 29, 'E', '29E', 'Economy', FALSE),
('OD303_29F', 'OD303', 29, 'F', '29F', 'Economy', FALSE),
('OD303_30A', 'OD303', 30, 'A', '30A', 'Economy', FALSE),
('OD303_30B', 'OD303', 30, 'B', '30B', 'Economy', FALSE),
('OD303_30C', 'OD303', 30, 'C', '30C', 'Economy', FALSE),
('OD303_30D', 'OD303', 30, 'D', '30D', 'Economy', FALSE),
('OD303_30E', 'OD303', 30, 'E', '30E', 'Economy', FALSE),
('OD303_30F', 'OD303', 30, 'F', '30F', 'Economy', FALSE),
('OD303_31A', 'OD303', 31, 'A', '31A', 'Economy', FALSE),
('OD303_31B', 'OD303', 31, 'B', '31B', 'Economy', FALSE),
('OD303_31C', 'OD303', 31, 'C', '31C', 'Economy', FALSE),
('OD303_31D', 'OD303', 31, 'D', '31D', 'Economy', FALSE),
('OD303_31E', 'OD303', 31, 'E', '31E', 'Economy', FALSE),
('OD303_31F', 'OD303', 31, 'F', '31F', 'Economy', FALSE),
('OD303_32A', 'OD303', 32, 'A', '32A', 'Economy', FALSE),
('OD303_32B', 'OD303', 32, 'B', '32B', 'Economy', FALSE),
('OD303_32C', 'OD303', 32, 'C', '32C', 'Economy', FALSE),
('OD303_32D', 'OD303', 32, 'D', '32D', 'Economy', FALSE),
('OD303_32E', 'OD303', 32, 'E', '32E', 'Economy', FALSE),
('OD303_32F', 'OD303', 32, 'F', '32F', 'Economy', FALSE),
('OD303_33A', 'OD303', 33, 'A', '33A', 'Economy', FALSE),
('OD303_33B', 'OD303', 33, 'B', '33B', 'Economy', FALSE),
('OD303_33C', 'OD303', 33, 'C', '33C', 'Economy', FALSE),
('OD303_33D', 'OD303', 33, 'D', '33D', 'Economy', FALSE),
('OD303_33E', 'OD303', 33, 'E', '33E', 'Economy', FALSE),
('OD303_33F', 'OD303', 33, 'F', '33F', 'Economy', FALSE),
('OD303_34A', 'OD303', 34, 'A', '34A', 'Economy', FALSE),
('OD303_34B', 'OD303', 34, 'B', '34B', 'Economy', FALSE),
('OD303_34C', 'OD303', 34, 'C', '34C', 'Economy', FALSE),
('OD303_34D', 'OD303', 34, 'D', '34D', 'Economy', FALSE),
('OD303_34E', 'OD303', 34, 'E', '34E', 'Economy', FALSE),
('OD303_34F', 'OD303', 34, 'F', '34F', 'Economy', FALSE),
('SQ404_04A', 'SQ404', 4, 'A', '04A', 'Business', TRUE),
('SQ404_04B', 'SQ404', 4, 'B', '04B', 'Business', TRUE),
('SQ404_04C', 'SQ404', 4, 'C', '04C', 'Business', TRUE),
('SQ404_04D', 'SQ404', 4, 'D', '04D', 'Business', TRUE),
('SQ404_05A', 'SQ404', 5, 'A', '05A', 'Business', TRUE),
('SQ404_05B', 'SQ404', 5, 'B', '05B', 'Business', TRUE),
('SQ404_05C', 'SQ404', 5, 'C', '05C', 'Business', TRUE),
('SQ404_05D', 'SQ404', 5, 'D', '05D', 'Business', TRUE),
('SQ404_06A', 'SQ404', 6, 'A', '06A', 'Business', TRUE),
('SQ404_06B', 'SQ404', 6, 'B', '06B', 'Business', TRUE),
('SQ404_06C', 'SQ404', 6, 'C', '06C', 'Business', TRUE),
('SQ404_06D', 'SQ404', 6, 'D', '06D', 'Business', TRUE),
('SQ404_08A', 'SQ404', 8, 'A', '08A', 'Economy', TRUE),
('SQ404_08B', 'SQ404', 8, 'B', '08B', 'Economy', TRUE),
('SQ404_08C', 'SQ404', 8, 'C', '08C', 'Economy', TRUE),
('SQ404_08D', 'SQ404', 8, 'D', '08D', 'Economy', TRUE),
('SQ404_08E', 'SQ404', 8, 'E', '08E', 'Economy', TRUE),
('SQ404_08F', 'SQ404', 8, 'F', '08F', 'Economy', TRUE),
('SQ404_09A', 'SQ404', 9, 'A', '09A', 'Economy', TRUE),
('SQ404_09B', 'SQ404', 9, 'B', '09B', 'Economy', TRUE),
('SQ404_09C', 'SQ404', 9, 'C', '09C', 'Economy', TRUE),
('SQ404_09D', 'SQ404', 9, 'D', '09D', 'Economy', TRUE),
('SQ404_09E', 'SQ404', 9, 'E', '09E', 'Economy', TRUE),
('SQ404_09F', 'SQ404', 9, 'F', '09F', 'Economy', TRUE),
('SQ404_10A', 'SQ404', 10, 'A', '10A', 'Economy', TRUE),
('SQ404_10B', 'SQ404', 10, 'B', '10B', 'Economy', TRUE),
('SQ404_10C', 'SQ404', 10, 'C', '10C', 'Economy', TRUE),
('SQ404_10D', 'SQ404', 10, 'D', '10D', 'Economy', TRUE),
('SQ404_10E', 'SQ404', 10, 'E', '10E', 'Economy', TRUE),
('SQ404_10F', 'SQ404', 10, 'F', '10F', 'Economy', TRUE),
('SQ404_11A', 'SQ404', 11, 'A', '11A', 'Economy', TRUE),
('SQ404_11B', 'SQ404', 11, 'B', '11B', 'Economy', TRUE),
('SQ404_11C', 'SQ404', 11, 'C', '11C', 'Economy', TRUE),
('SQ404_11D', 'SQ404', 11, 'D', '11D', 'Economy', TRUE),
('SQ404_11E', 'SQ404', 11, 'E', '11E', 'Economy', TRUE),
('SQ404_11F', 'SQ404', 11, 'F', '11F', 'Economy', TRUE),
('SQ404_12A', 'SQ404', 12, 'A', '12A', 'Economy', TRUE),
('SQ404_12B', 'SQ404', 12, 'B', '12B', 'Economy', TRUE),
('SQ404_12C', 'SQ404', 12, 'C', '12C', 'Economy', TRUE),
('SQ404_12D', 'SQ404', 12, 'D', '12D', 'Economy', TRUE),
('SQ404_12E', 'SQ404', 12, 'E', '12E', 'Economy', TRUE),
('SQ404_12F', 'SQ404', 12, 'F', '12F', 'Economy', TRUE),
('SQ404_13A', 'SQ404', 13, 'A', '13A', 'Economy', TRUE),
('SQ404_13B', 'SQ404', 13, 'B', '13B', 'Economy', TRUE),
('SQ404_13C', 'SQ404', 13, 'C', '13C', 'Economy', TRUE),
('SQ404_13D', 'SQ404', 13, 'D', '13D', 'Economy', TRUE),
('SQ404_13E', 'SQ404', 13, 'E', '13E', 'Economy', TRUE),
('SQ404_13F', 'SQ404', 13, 'F', '13F', 'Economy', TRUE),
('SQ404_14A', 'SQ404', 14, 'A', '14A', 'Economy', TRUE),
('SQ404_14B', 'SQ404', 14, 'B', '14B', 'Economy', TRUE),
('SQ404_14C', 'SQ404', 14, 'C', '14C', 'Economy', TRUE),
('SQ404_14D', 'SQ404', 14, 'D', '14D', 'Economy', TRUE),
('SQ404_14E', 'SQ404', 14, 'E', '14E', 'Economy', TRUE),
('SQ404_14F', 'SQ404', 14, 'F', '14F', 'Economy', TRUE),
('SQ404_15A', 'SQ404', 15, 'A', '15A', 'Economy', TRUE),
('SQ404_15B', 'SQ404', 15, 'B', '15B', 'Economy', TRUE),
('SQ404_15C', 'SQ404', 15, 'C', '15C', 'Economy', TRUE),
('SQ404_15D', 'SQ404', 15, 'D', '15D', 'Economy', TRUE),
('SQ404_15E', 'SQ404', 15, 'E', '15E', 'Economy', TRUE),
('SQ404_15F', 'SQ404', 15, 'F', '15F', 'Economy', TRUE),
('SQ404_16A', 'SQ404', 16, 'A', '16A', 'Economy', FALSE),
('SQ404_16B', 'SQ404', 16, 'B', '16B', 'Economy', FALSE),
('SQ404_16C', 'SQ404', 16, 'C', '16C', 'Economy', FALSE),
('SQ404_16D', 'SQ404', 16, 'D', '16D', 'Economy', FALSE),
('SQ404_16E', 'SQ404', 16, 'E', '16E', 'Economy', FALSE),
('SQ404_16F', 'SQ404', 16, 'F', '16F', 'Economy', FALSE),
('SQ404_17A', 'SQ404', 17, 'A', '17A', 'Economy', FALSE),
('SQ404_17B', 'SQ404', 17, 'B', '17B', 'Economy', FALSE),
('SQ404_17C', 'SQ404', 17, 'C', '17C', 'Economy', FALSE),
('SQ404_17D', 'SQ404', 17, 'D', '17D', 'Economy', FALSE),
('SQ404_17E', 'SQ404', 17, 'E', '17E', 'Economy', FALSE),
('SQ404_17F', 'SQ404', 17, 'F', '17F', 'Economy', FALSE),
('SQ404_18A', 'SQ404', 18, 'A', '18A', 'Economy', FALSE),
('SQ404_18B', 'SQ404', 18, 'B', '18B', 'Economy', FALSE),
('SQ404_18C', 'SQ404', 18, 'C', '18C', 'Economy', FALSE),
('SQ404_18D', 'SQ404', 18, 'D', '18D', 'Economy', FALSE),
('SQ404_18E', 'SQ404', 18, 'E', '18E', 'Economy', FALSE),
('SQ404_18F', 'SQ404', 18, 'F', '18F', 'Economy', FALSE),
('SQ404_19A', 'SQ404', 19, 'A', '19A', 'Economy', FALSE),
('SQ404_19B', 'SQ404', 19, 'B', '19B', 'Economy', FALSE),
('SQ404_19C', 'SQ404', 19, 'C', '19C', 'Economy', FALSE),
('SQ404_19D', 'SQ404', 19, 'D', '19D', 'Economy', FALSE),
('SQ404_19E', 'SQ404', 19, 'E', '19E', 'Economy', FALSE),
('SQ404_19F', 'SQ404', 19, 'F', '19F', 'Economy', FALSE),
('SQ404_20A', 'SQ404', 20, 'A', '20A', 'Economy', FALSE),
('SQ404_20B', 'SQ404', 20, 'B', '20B', 'Economy', FALSE),
('SQ404_20C', 'SQ404', 20, 'C', '20C', 'Economy', FALSE),
('SQ404_20D', 'SQ404', 20, 'D', '20D', 'Economy', FALSE),
('SQ404_20E', 'SQ404', 20, 'E', '20E', 'Economy', FALSE),
('SQ404_20F', 'SQ404', 20, 'F', '20F', 'Economy', FALSE),
('SQ404_21A', 'SQ404', 21, 'A', '21A', 'Economy', FALSE),
('SQ404_21B', 'SQ404', 21, 'B', '21B', 'Economy', FALSE),
('SQ404_21C', 'SQ404', 21, 'C', '21C', 'Economy', FALSE),
('SQ404_21D', 'SQ404', 21, 'D', '21D', 'Economy', FALSE),
('SQ404_21E', 'SQ404', 21, 'E', '21E', 'Economy', FALSE),
('SQ404_21F', 'SQ404', 21, 'F', '21F', 'Economy', FALSE),
('SQ404_22A', 'SQ404', 22, 'A', '22A', 'Economy', FALSE),
('SQ404_22B', 'SQ404', 22, 'B', '22B', 'Economy', FALSE),
('SQ404_22C', 'SQ404', 22, 'C', '22C', 'Economy', FALSE),
('SQ404_22D', 'SQ404', 22, 'D', '22D', 'Economy', FALSE),
('SQ404_22E', 'SQ404', 22, 'E', '22E', 'Economy', FALSE),
('SQ404_22F', 'SQ404', 22, 'F', '22F', 'Economy', FALSE),
('SQ404_23A', 'SQ404', 23, 'A', '23A', 'Economy', FALSE),
('SQ404_23B', 'SQ404', 23, 'B', '23B', 'Economy', FALSE),
('SQ404_23C', 'SQ404', 23, 'C', '23C', 'Economy', FALSE),
('SQ404_23D', 'SQ404', 23, 'D', '23D', 'Economy', FALSE),
('SQ404_23E', 'SQ404', 23, 'E', '23E', 'Economy', FALSE),
('SQ404_23F', 'SQ404', 23, 'F', '23F', 'Economy', FALSE),
('SQ404_24A', 'SQ404', 24, 'A', '24A', 'Economy', FALSE),
('SQ404_24B', 'SQ404', 24, 'B', '24B', 'Economy', FALSE),
('SQ404_24C', 'SQ404', 24, 'C', '24C', 'Economy', FALSE),
('SQ404_24D', 'SQ404', 24, 'D', '24D', 'Economy', FALSE),
('SQ404_24E', 'SQ404', 24, 'E', '24E', 'Economy', FALSE),
('SQ404_24F', 'SQ404', 24, 'F', '24F', 'Economy', FALSE),
('SQ404_25A', 'SQ404', 25, 'A', '25A', 'Economy', FALSE),
('SQ404_25B', 'SQ404', 25, 'B', '25B', 'Economy', FALSE),
('SQ404_25C', 'SQ404', 25, 'C', '25C', 'Economy', FALSE),
('SQ404_25D', 'SQ404', 25, 'D', '25D', 'Economy', FALSE),
('SQ404_25E', 'SQ404', 25, 'E', '25E', 'Economy', FALSE),
('SQ404_25F', 'SQ404', 25, 'F', '25F', 'Economy', FALSE),
('SQ404_26A', 'SQ404', 26, 'A', '26A', 'Economy', FALSE),
('SQ404_26B', 'SQ404', 26, 'B', '26B', 'Economy', FALSE),
('SQ404_26C', 'SQ404', 26, 'C', '26C', 'Economy', FALSE),
('SQ404_26D', 'SQ404', 26, 'D', '26D', 'Economy', FALSE),
('SQ404_26E', 'SQ404', 26, 'E', '26E', 'Economy', FALSE),
('SQ404_26F', 'SQ404', 26, 'F', '26F', 'Economy', FALSE),
('SQ404_27A', 'SQ404', 27, 'A', '27A', 'Economy', FALSE),
('SQ404_27B', 'SQ404', 27, 'B', '27B', 'Economy', FALSE),
('SQ404_27C', 'SQ404', 27, 'C', '27C', 'Economy', FALSE),
('SQ404_27D', 'SQ404', 27, 'D', '27D', 'Economy', FALSE),
('SQ404_27E', 'SQ404', 27, 'E', '27E', 'Economy', FALSE),
('SQ404_27F', 'SQ404', 27, 'F', '27F', 'Economy', FALSE),
('SQ404_28A', 'SQ404', 28, 'A', '28A', 'Economy', FALSE),
('SQ404_28B', 'SQ404', 28, 'B', '28B', 'Economy', FALSE),
('SQ404_28C', 'SQ404', 28, 'C', '28C', 'Economy', FALSE),
('SQ404_28D', 'SQ404', 28, 'D', '28D', 'Economy', FALSE),
('SQ404_28E', 'SQ404', 28, 'E', '28E', 'Economy', FALSE),
('SQ404_28F', 'SQ404', 28, 'F', '28F', 'Economy', FALSE),
('SQ404_29A', 'SQ404', 29, 'A', '29A', 'Economy', FALSE),
('SQ404_29B', 'SQ404', 29, 'B', '29B', 'Economy', FALSE),
('SQ404_29C', 'SQ404', 29, 'C', '29C', 'Economy', FALSE),
('SQ404_29D', 'SQ404', 29, 'D', '29D', 'Economy', FALSE),
('SQ404_29E', 'SQ404', 29, 'E', '29E', 'Economy', FALSE),
('SQ404_29F', 'SQ404', 29, 'F', '29F', 'Economy', FALSE),
('SQ404_30A', 'SQ404', 30, 'A', '30A', 'Economy', FALSE),
('SQ404_30B', 'SQ404', 30, 'B', '30B', 'Economy', FALSE),
('SQ404_30C', 'SQ404', 30, 'C', '30C', 'Economy', FALSE),
('SQ404_30D', 'SQ404', 30, 'D', '30D', 'Economy', FALSE),
('SQ404_30E', 'SQ404', 30, 'E', '30E', 'Economy', FALSE),
('SQ404_30F', 'SQ404', 30, 'F', '30F', 'Economy', FALSE),
('SQ404_31A', 'SQ404', 31, 'A', '31A', 'Economy', FALSE),
('SQ404_31B', 'SQ404', 31, 'B', '31B', 'Economy', FALSE),
('SQ404_31C', 'SQ404', 31, 'C', '31C', 'Economy', FALSE),
('SQ404_31D', 'SQ404', 31, 'D', '31D', 'Economy', FALSE),
('SQ404_31E', 'SQ404', 31, 'E', '31E', 'Economy', FALSE),
('SQ404_31F', 'SQ404', 31, 'F', '31F', 'Economy', FALSE),
('SQ404_32A', 'SQ404', 32, 'A', '32A', 'Economy', FALSE),
('SQ404_32B', 'SQ404', 32, 'B', '32B', 'Economy', FALSE),
('SQ404_32C', 'SQ404', 32, 'C', '32C', 'Economy', FALSE),
('SQ404_32D', 'SQ404', 32, 'D', '32D', 'Economy', FALSE),
('SQ404_32E', 'SQ404', 32, 'E', '32E', 'Economy', FALSE),
('SQ404_32F', 'SQ404', 32, 'F', '32F', 'Economy', FALSE),
('SQ404_33A', 'SQ404', 33, 'A', '33A', 'Economy', FALSE),
('SQ404_33B', 'SQ404', 33, 'B', '33B', 'Economy', FALSE),
('SQ404_33C', 'SQ404', 33, 'C', '33C', 'Economy', FALSE),
('SQ404_33D', 'SQ404', 33, 'D', '33D', 'Economy', FALSE),
('SQ404_33E', 'SQ404', 33, 'E', '33E', 'Economy', FALSE),
('SQ404_33F', 'SQ404', 33, 'F', '33F', 'Economy', FALSE),
('SQ404_34A', 'SQ404', 34, 'A', '34A', 'Economy', FALSE),
('SQ404_34B', 'SQ404', 34, 'B', '34B', 'Economy', FALSE),
('SQ404_34C', 'SQ404', 34, 'C', '34C', 'Economy', FALSE),
('SQ404_34D', 'SQ404', 34, 'D', '34D', 'Economy', FALSE),
('SQ404_34E', 'SQ404', 34, 'E', '34E', 'Economy', FALSE),
('SQ404_34F', 'SQ404', 34, 'F', '34F', 'Economy', FALSE),
('TG505_01A', 'TG505', 1, 'A', '01A', 'Business', TRUE),
('TG505_01B', 'TG505', 1, 'B', '01B', 'Business', TRUE),
('TG505_01C', 'TG505', 1, 'C', '01C', 'Business', TRUE),
('TG505_01D', 'TG505', 1, 'D', '01D', 'Business', TRUE),
('TG505_02A', 'TG505', 2, 'A', '02A', 'Business', TRUE),
('TG505_02B', 'TG505', 2, 'B', '02B', 'Business', TRUE),
('TG505_02C', 'TG505', 2, 'C', '02C', 'Business', TRUE),
('TG505_02D', 'TG505', 2, 'D', '02D', 'Business', TRUE),
('TG505_03A', 'TG505', 3, 'A', '03A', 'Business', TRUE),
('TG505_03B', 'TG505', 3, 'B', '03B', 'Business', TRUE),
('TG505_03C', 'TG505', 3, 'C', '03C', 'Business', TRUE),
('TG505_03D', 'TG505', 3, 'D', '03D', 'Business', TRUE),
('TG505_04A', 'TG505', 4, 'A', '04A', 'Business', TRUE),
('TG505_04B', 'TG505', 4, 'B', '04B', 'Business', TRUE),
('TG505_04C', 'TG505', 4, 'C', '04C', 'Business', TRUE),
('TG505_04D', 'TG505', 4, 'D', '04D', 'Business', TRUE),
('TG505_05A', 'TG505', 5, 'A', '05A', 'Business', TRUE),
('TG505_05B', 'TG505', 5, 'B', '05B', 'Business', TRUE),
('TG505_05C', 'TG505', 5, 'C', '05C', 'Business', TRUE),
('TG505_05D', 'TG505', 5, 'D', '05D', 'Business', TRUE),
('TG505_06A', 'TG505', 6, 'A', '06A', 'Business', TRUE),
('TG505_06B', 'TG505', 6, 'B', '06B', 'Business', TRUE),
('TG505_06C', 'TG505', 6, 'C', '06C', 'Business', TRUE),
('TG505_06D', 'TG505', 6, 'D', '06D', 'Business', TRUE),
('TG505_08A', 'TG505', 8, 'A', '08A', 'Economy', TRUE),
('TG505_08B', 'TG505', 8, 'B', '08B', 'Economy', TRUE),
('TG505_08C', 'TG505', 8, 'C', '08C', 'Economy', TRUE),
('TG505_08D', 'TG505', 8, 'D', '08D', 'Economy', TRUE),
('TG505_08E', 'TG505', 8, 'E', '08E', 'Economy', TRUE),
('TG505_08F', 'TG505', 8, 'F', '08F', 'Economy', TRUE),
('TG505_09A', 'TG505', 9, 'A', '09A', 'Economy', TRUE),
('TG505_09B', 'TG505', 9, 'B', '09B', 'Economy', TRUE),
('TG505_09C', 'TG505', 9, 'C', '09C', 'Economy', TRUE),
('TG505_09D', 'TG505', 9, 'D', '09D', 'Economy', TRUE),
('TG505_09E', 'TG505', 9, 'E', '09E', 'Economy', TRUE),
('TG505_09F', 'TG505', 9, 'F', '09F', 'Economy', TRUE),
('TG505_10A', 'TG505', 10, 'A', '10A', 'Economy', TRUE),
('TG505_10B', 'TG505', 10, 'B', '10B', 'Economy', TRUE),
('TG505_10C', 'TG505', 10, 'C', '10C', 'Economy', TRUE),
('TG505_10D', 'TG505', 10, 'D', '10D', 'Economy', TRUE),
('TG505_10E', 'TG505', 10, 'E', '10E', 'Economy', TRUE),
('TG505_10F', 'TG505', 10, 'F', '10F', 'Economy', TRUE),
('TG505_11A', 'TG505', 11, 'A', '11A', 'Economy', TRUE),
('TG505_11B', 'TG505', 11, 'B', '11B', 'Economy', TRUE),
('TG505_11C', 'TG505', 11, 'C', '11C', 'Economy', TRUE),
('TG505_11D', 'TG505', 11, 'D', '11D', 'Economy', TRUE),
('TG505_11E', 'TG505', 11, 'E', '11E', 'Economy', TRUE),
('TG505_11F', 'TG505', 11, 'F', '11F', 'Economy', TRUE),
('TG505_12A', 'TG505', 12, 'A', '12A', 'Economy', TRUE),
('TG505_12B', 'TG505', 12, 'B', '12B', 'Economy', TRUE),
('TG505_12C', 'TG505', 12, 'C', '12C', 'Economy', TRUE),
('TG505_12D', 'TG505', 12, 'D', '12D', 'Economy', TRUE),
('TG505_12E', 'TG505', 12, 'E', '12E', 'Economy', TRUE),
('TG505_12F', 'TG505', 12, 'F', '12F', 'Economy', TRUE),
('TG505_13A', 'TG505', 13, 'A', '13A', 'Economy', TRUE),
('TG505_13B', 'TG505', 13, 'B', '13B', 'Economy', TRUE),
('TG505_13C', 'TG505', 13, 'C', '13C', 'Economy', TRUE),
('TG505_13D', 'TG505', 13, 'D', '13D', 'Economy', TRUE),
('TG505_13E', 'TG505', 13, 'E', '13E', 'Economy', TRUE),
('TG505_13F', 'TG505', 13, 'F', '13F', 'Economy', TRUE),
('TG505_14A', 'TG505', 14, 'A', '14A', 'Economy', TRUE),
('TG505_14B', 'TG505', 14, 'B', '14B', 'Economy', TRUE),
('TG505_14C', 'TG505', 14, 'C', '14C', 'Economy', TRUE),
('TG505_14D', 'TG505', 14, 'D', '14D', 'Economy', TRUE),
('TG505_14E', 'TG505', 14, 'E', '14E', 'Economy', TRUE),
('TG505_14F', 'TG505', 14, 'F', '14F', 'Economy', TRUE),
('TG505_15A', 'TG505', 15, 'A', '15A', 'Economy', TRUE),
('TG505_15B', 'TG505', 15, 'B', '15B', 'Economy', TRUE),
('TG505_15C', 'TG505', 15, 'C', '15C', 'Economy', TRUE),
('TG505_15D', 'TG505', 15, 'D', '15D', 'Economy', TRUE),
('TG505_15E', 'TG505', 15, 'E', '15E', 'Economy', TRUE),
('TG505_15F', 'TG505', 15, 'F', '15F', 'Economy', TRUE),
('TG505_16A', 'TG505', 16, 'A', '16A', 'Economy', FALSE),
('TG505_16B', 'TG505', 16, 'B', '16B', 'Economy', FALSE),
('TG505_16C', 'TG505', 16, 'C', '16C', 'Economy', FALSE),
('TG505_16D', 'TG505', 16, 'D', '16D', 'Economy', FALSE),
('TG505_16E', 'TG505', 16, 'E', '16E', 'Economy', FALSE),
('TG505_16F', 'TG505', 16, 'F', '16F', 'Economy', FALSE),
('TG505_17A', 'TG505', 17, 'A', '17A', 'Economy', FALSE),
('TG505_17B', 'TG505', 17, 'B', '17B', 'Economy', FALSE),
('TG505_17C', 'TG505', 17, 'C', '17C', 'Economy', FALSE),
('TG505_17D', 'TG505', 17, 'D', '17D', 'Economy', FALSE),
('TG505_17E', 'TG505', 17, 'E', '17E', 'Economy', FALSE),
('TG505_17F', 'TG505', 17, 'F', '17F', 'Economy', FALSE),
('TG505_18A', 'TG505', 18, 'A', '18A', 'Economy', FALSE),
('TG505_18B', 'TG505', 18, 'B', '18B', 'Economy', FALSE),
('TG505_18C', 'TG505', 18, 'C', '18C', 'Economy', FALSE),
('TG505_18D', 'TG505', 18, 'D', '18D', 'Economy', FALSE),
('TG505_18E', 'TG505', 18, 'E', '18E', 'Economy', FALSE),
('TG505_18F', 'TG505', 18, 'F', '18F', 'Economy', FALSE),
('TG505_19A', 'TG505', 19, 'A', '19A', 'Economy', FALSE),
('TG505_19B', 'TG505', 19, 'B', '19B', 'Economy', FALSE),
('TG505_19C', 'TG505', 19, 'C', '19C', 'Economy', FALSE),
('TG505_19D', 'TG505', 19, 'D', '19D', 'Economy', FALSE),
('TG505_19E', 'TG505', 19, 'E', '19E', 'Economy', FALSE),
('TG505_19F', 'TG505', 19, 'F', '19F', 'Economy', FALSE),
('TG505_20A', 'TG505', 20, 'A', '20A', 'Economy', FALSE),
('TG505_20B', 'TG505', 20, 'B', '20B', 'Economy', FALSE),
('TG505_20C', 'TG505', 20, 'C', '20C', 'Economy', FALSE),
('TG505_20D', 'TG505', 20, 'D', '20D', 'Economy', FALSE),
('TG505_20E', 'TG505', 20, 'E', '20E', 'Economy', FALSE),
('TG505_20F', 'TG505', 20, 'F', '20F', 'Economy', FALSE),
('TG505_21A', 'TG505', 21, 'A', '21A', 'Economy', FALSE),
('TG505_21B', 'TG505', 21, 'B', '21B', 'Economy', FALSE),
('TG505_21C', 'TG505', 21, 'C', '21C', 'Economy', FALSE),
('TG505_21D', 'TG505', 21, 'D', '21D', 'Economy', FALSE),
('TG505_21E', 'TG505', 21, 'E', '21E', 'Economy', FALSE),
('TG505_21F', 'TG505', 21, 'F', '21F', 'Economy', FALSE),
('TG505_22A', 'TG505', 22, 'A', '22A', 'Economy', FALSE),
('TG505_22B', 'TG505', 22, 'B', '22B', 'Economy', FALSE),
('TG505_22C', 'TG505', 22, 'C', '22C', 'Economy', FALSE),
('TG505_22D', 'TG505', 22, 'D', '22D', 'Economy', FALSE),
('TG505_22E', 'TG505', 22, 'E', '22E', 'Economy', FALSE),
('TG505_22F', 'TG505', 22, 'F', '22F', 'Economy', FALSE),
('TG505_23A', 'TG505', 23, 'A', '23A', 'Economy', FALSE),
('TG505_23B', 'TG505', 23, 'B', '23B', 'Economy', FALSE),
('TG505_23C', 'TG505', 23, 'C', '23C', 'Economy', FALSE),
('TG505_23D', 'TG505', 23, 'D', '23D', 'Economy', FALSE),
('TG505_23E', 'TG505', 23, 'E', '23E', 'Economy', FALSE),
('TG505_23F', 'TG505', 23, 'F', '23F', 'Economy', FALSE),
('TG505_24A', 'TG505', 24, 'A', '24A', 'Economy', FALSE),
('TG505_24B', 'TG505', 24, 'B', '24B', 'Economy', FALSE),
('TG505_24C', 'TG505', 24, 'C', '24C', 'Economy', FALSE),
('TG505_24D', 'TG505', 24, 'D', '24D', 'Economy', FALSE),
('TG505_24E', 'TG505', 24, 'E', '24E', 'Economy', FALSE),
('TG505_24F', 'TG505', 24, 'F', '24F', 'Economy', FALSE),
('TG505_25A', 'TG505', 25, 'A', '25A', 'Economy', FALSE),
('TG505_25B', 'TG505', 25, 'B', '25B', 'Economy', FALSE),
('TG505_25C', 'TG505', 25, 'C', '25C', 'Economy', FALSE),
('TG505_25D', 'TG505', 25, 'D', '25D', 'Economy', FALSE),
('TG505_25E', 'TG505', 25, 'E', '25E', 'Economy', FALSE),
('TG505_25F', 'TG505', 25, 'F', '25F', 'Economy', FALSE),
('TG505_26A', 'TG505', 26, 'A', '26A', 'Economy', FALSE),
('TG505_26B', 'TG505', 26, 'B', '26B', 'Economy', FALSE),
('TG505_26C', 'TG505', 26, 'C', '26C', 'Economy', FALSE),
('TG505_26D', 'TG505', 26, 'D', '26D', 'Economy', FALSE),
('TG505_26E', 'TG505', 26, 'E', '26E', 'Economy', FALSE),
('TG505_26F', 'TG505', 26, 'F', '26F', 'Economy', FALSE),
('TG505_27A', 'TG505', 27, 'A', '27A', 'Economy', FALSE),
('TG505_27B', 'TG505', 27, 'B', '27B', 'Economy', FALSE),
('TG505_27C', 'TG505', 27, 'C', '27C', 'Economy', FALSE),
('TG505_27D', 'TG505', 27, 'D', '27D', 'Economy', FALSE),
('TG505_27E', 'TG505', 27, 'E', '27E', 'Economy', FALSE),
('TG505_27F', 'TG505', 27, 'F', '27F', 'Economy', FALSE),
('TG505_28A', 'TG505', 28, 'A', '28A', 'Economy', FALSE),
('TG505_28B', 'TG505', 28, 'B', '28B', 'Economy', FALSE),
('TG505_28C', 'TG505', 28, 'C', '28C', 'Economy', FALSE),
('TG505_28D', 'TG505', 28, 'D', '28D', 'Economy', FALSE),
('TG505_28E', 'TG505', 28, 'E', '28E', 'Economy', FALSE),
('TG505_28F', 'TG505', 28, 'F', '28F', 'Economy', FALSE),
('TG505_29A', 'TG505', 29, 'A', '29A', 'Economy', FALSE),
('TG505_29B', 'TG505', 29, 'B', '29B', 'Economy', FALSE),
('TG505_29C', 'TG505', 29, 'C', '29C', 'Economy', FALSE),
('TG505_29D', 'TG505', 29, 'D', '29D', 'Economy', FALSE),
('TG505_29E', 'TG505', 29, 'E', '29E', 'Economy', FALSE),
('TG505_29F', 'TG505', 29, 'F', '29F', 'Economy', FALSE),
('TG505_30A', 'TG505', 30, 'A', '30A', 'Economy', FALSE),
('TG505_30B', 'TG505', 30, 'B', '30B', 'Economy', FALSE),
('TG505_30C', 'TG505', 30, 'C', '30C', 'Economy', FALSE),
('TG505_30D', 'TG505', 30, 'D', '30D', 'Economy', FALSE),
('TG505_30E', 'TG505', 30, 'E', '30E', 'Economy', FALSE),
('TG505_30F', 'TG505', 30, 'F', '30F', 'Economy', FALSE),
('TG505_31A', 'TG505', 31, 'A', '31A', 'Economy', FALSE),
('TG505_31B', 'TG505', 31, 'B', '31B', 'Economy', FALSE),
('TG505_31C', 'TG505', 31, 'C', '31C', 'Economy', FALSE),
('TG505_31D', 'TG505', 31, 'D', '31D', 'Economy', FALSE),
('TG505_31E', 'TG505', 31, 'E', '31E', 'Economy', FALSE),
('TG505_31F', 'TG505', 31, 'F', '31F', 'Economy', FALSE),
('TG505_32A', 'TG505', 32, 'A', '32A', 'Economy', FALSE),
('TG505_32B', 'TG505', 32, 'B', '32B', 'Economy', FALSE),
('TG505_32C', 'TG505', 32, 'C', '32C', 'Economy', FALSE),
('TG505_32D', 'TG505', 32, 'D', '32D', 'Economy', FALSE),
('TG505_32E', 'TG505', 32, 'E', '32E', 'Economy', FALSE),
('TG505_32F', 'TG505', 32, 'F', '32F', 'Economy', FALSE),
('TG505_33A', 'TG505', 33, 'A', '33A', 'Economy', FALSE),
('TG505_33B', 'TG505', 33, 'B', '33B', 'Economy', FALSE),
('TG505_33C', 'TG505', 33, 'C', '33C', 'Economy', FALSE),
('TG505_33D', 'TG505', 33, 'D', '33D', 'Economy', FALSE),
('TG505_33E', 'TG505', 33, 'E', '33E', 'Economy', FALSE),
('TG505_33F', 'TG505', 33, 'F', '33F', 'Economy', FALSE),
('TG505_34A', 'TG505', 34, 'A', '34A', 'Economy', FALSE),
('TG505_34B', 'TG505', 34, 'B', '34B', 'Economy', FALSE),
('TG505_34C', 'TG505', 34, 'C', '34C', 'Economy', FALSE),
('TG505_34D', 'TG505', 34, 'D', '34D', 'Economy', FALSE),
('TG505_34E', 'TG505', 34, 'E', '34E', 'Economy', FALSE),
('TG505_34F', 'TG505', 34, 'F', '34F', 'Economy', FALSE),
('FY606_01A', 'FY606', 1, 'A', '01A', 'First', TRUE),
('FY606_01B', 'FY606', 1, 'B', '01B', 'First', TRUE),
('FY606_01C', 'FY606', 1, 'C', '01C', 'First', TRUE),
('FY606_01D', 'FY606', 1, 'D', '01D', 'First', TRUE),
('FY606_02A', 'FY606', 2, 'A', '02A', 'First', TRUE),
('FY606_02B', 'FY606', 2, 'B', '02B', 'First', TRUE),
('FY606_02C', 'FY606', 2, 'C', '02C', 'First', TRUE),
('FY606_02D', 'FY606', 2, 'D', '02D', 'First', TRUE),
('FY606_03A', 'FY606', 3, 'A', '03A', 'First', TRUE),
('FY606_03B', 'FY606', 3, 'B', '03B', 'First', TRUE),
('FY606_03C', 'FY606', 3, 'C', '03C', 'First', TRUE),
('FY606_03D', 'FY606', 3, 'D', '03D', 'First', TRUE),
('FY606_05A', 'FY606', 5, 'A', '05A', 'Business', TRUE),
('FY606_05B', 'FY606', 5, 'B', '05B', 'Business', TRUE),
('FY606_05C', 'FY606', 5, 'C', '05C', 'Business', TRUE),
('FY606_05D', 'FY606', 5, 'D', '05D', 'Business', TRUE),
('FY606_06A', 'FY606', 6, 'A', '06A', 'Business', TRUE),
('FY606_06B', 'FY606', 6, 'B', '06B', 'Business', TRUE),
('FY606_06C', 'FY606', 6, 'C', '06C', 'Business', TRUE),
('FY606_06D', 'FY606', 6, 'D', '06D', 'Business', TRUE),
('FY606_07A', 'FY606', 7, 'A', '07A', 'Business', TRUE),
('FY606_07B', 'FY606', 7, 'B', '07B', 'Business', TRUE),
('FY606_07C', 'FY606', 7, 'C', '07C', 'Business', TRUE),
('FY606_07D', 'FY606', 7, 'D', '07D', 'Business', TRUE),
('FY606_08A', 'FY606', 8, 'A', '08A', 'Business', TRUE),
('FY606_08B', 'FY606', 8, 'B', '08B', 'Business', TRUE),
('FY606_08C', 'FY606', 8, 'C', '08C', 'Business', TRUE),
('FY606_08D', 'FY606', 8, 'D', '08D', 'Business', TRUE),
('FY606_09A', 'FY606', 9, 'A', '09A', 'Business', TRUE),
('FY606_09B', 'FY606', 9, 'B', '09B', 'Business', TRUE),
('FY606_09C', 'FY606', 9, 'C', '09C', 'Business', TRUE),
('FY606_09D', 'FY606', 9, 'D', '09D', 'Business', TRUE),
('FY606_10A', 'FY606', 10, 'A', '10A', 'Business', TRUE),
('FY606_10B', 'FY606', 10, 'B', '10B', 'Business', TRUE),
('FY606_10C', 'FY606', 10, 'C', '10C', 'Business', TRUE),
('FY606_10D', 'FY606', 10, 'D', '10D', 'Business', TRUE),
('FY606_11A', 'FY606', 11, 'A', '11A', 'Business', TRUE),
('FY606_11B', 'FY606', 11, 'B', '11B', 'Business', TRUE),
('FY606_11C', 'FY606', 11, 'C', '11C', 'Business', TRUE),
('FY606_11D', 'FY606', 11, 'D', '11D', 'Business', TRUE),
('FY606_15A', 'FY606', 15, 'A', '15A', 'Economy', TRUE),
('FY606_15B', 'FY606', 15, 'B', '15B', 'Economy', TRUE),
('FY606_15C', 'FY606', 15, 'C', '15C', 'Economy', TRUE),
('FY606_15D', 'FY606', 15, 'D', '15D', 'Economy', TRUE),
('FY606_15E', 'FY606', 15, 'E', '15E', 'Economy', TRUE),
('FY606_15F', 'FY606', 15, 'F', '15F', 'Economy', TRUE),
('FY606_16A', 'FY606', 16, 'A', '16A', 'Economy', TRUE),
('FY606_16B', 'FY606', 16, 'B', '16B', 'Economy', TRUE),
('FY606_16C', 'FY606', 16, 'C', '16C', 'Economy', TRUE),
('FY606_16D', 'FY606', 16, 'D', '16D', 'Economy', TRUE),
('FY606_16E', 'FY606', 16, 'E', '16E', 'Economy', TRUE),
('FY606_16F', 'FY606', 16, 'F', '16F', 'Economy', TRUE),
('FY606_17A', 'FY606', 17, 'A', '17A', 'Economy', TRUE),
('FY606_17B', 'FY606', 17, 'B', '17B', 'Economy', TRUE),
('FY606_17C', 'FY606', 17, 'C', '17C', 'Economy', TRUE),
('FY606_17D', 'FY606', 17, 'D', '17D', 'Economy', TRUE),
('FY606_17E', 'FY606', 17, 'E', '17E', 'Economy', TRUE),
('FY606_17F', 'FY606', 17, 'F', '17F', 'Economy', TRUE),
('FY606_18A', 'FY606', 18, 'A', '18A', 'Economy', TRUE),
('FY606_18B', 'FY606', 18, 'B', '18B', 'Economy', TRUE),
('FY606_18C', 'FY606', 18, 'C', '18C', 'Economy', TRUE),
('FY606_18D', 'FY606', 18, 'D', '18D', 'Economy', TRUE),
('FY606_18E', 'FY606', 18, 'E', '18E', 'Economy', TRUE),
('FY606_18F', 'FY606', 18, 'F', '18F', 'Economy', TRUE),
('FY606_19A', 'FY606', 19, 'A', '19A', 'Economy', TRUE),
('FY606_19B', 'FY606', 19, 'B', '19B', 'Economy', TRUE),
('FY606_19C', 'FY606', 19, 'C', '19C', 'Economy', TRUE),
('FY606_19D', 'FY606', 19, 'D', '19D', 'Economy', TRUE),
('FY606_19E', 'FY606', 19, 'E', '19E', 'Economy', TRUE),
('FY606_19F', 'FY606', 19, 'F', '19F', 'Economy', TRUE),
('FY606_20A', 'FY606', 20, 'A', '20A', 'Economy', TRUE),
('FY606_20B', 'FY606', 20, 'B', '20B', 'Economy', TRUE),
('FY606_20C', 'FY606', 20, 'C', '20C', 'Economy', TRUE),
('FY606_20D', 'FY606', 20, 'D', '20D', 'Economy', TRUE),
('FY606_20E', 'FY606', 20, 'E', '20E', 'Economy', TRUE),
('FY606_20F', 'FY606', 20, 'F', '20F', 'Economy', TRUE),
('FY606_21A', 'FY606', 21, 'A', '21A', 'Economy', TRUE),
('FY606_21B', 'FY606', 21, 'B', '21B', 'Economy', TRUE),
('FY606_21C', 'FY606', 21, 'C', '21C', 'Economy', TRUE),
('FY606_21D', 'FY606', 21, 'D', '21D', 'Economy', TRUE),
('FY606_21E', 'FY606', 21, 'E', '21E', 'Economy', TRUE),
('FY606_21F', 'FY606', 21, 'F', '21F', 'Economy', TRUE),
('FY606_22A', 'FY606', 22, 'A', '22A', 'Economy', TRUE),
('FY606_22B', 'FY606', 22, 'B', '22B', 'Economy', TRUE),
('FY606_22C', 'FY606', 22, 'C', '22C', 'Economy', TRUE),
('FY606_22D', 'FY606', 22, 'D', '22D', 'Economy', TRUE),
('FY606_22E', 'FY606', 22, 'E', '22E', 'Economy', TRUE),
('FY606_22F', 'FY606', 22, 'F', '22F', 'Economy', TRUE),
('FY606_23A', 'FY606', 23, 'A', '23A', 'Economy', TRUE),
('FY606_23B', 'FY606', 23, 'B', '23B', 'Economy', TRUE),
('FY606_23C', 'FY606', 23, 'C', '23C', 'Economy', TRUE),
('FY606_23D', 'FY606', 23, 'D', '23D', 'Economy', TRUE),
('FY606_23E', 'FY606', 23, 'E', '23E', 'Economy', TRUE),
('FY606_23F', 'FY606', 23, 'F', '23F', 'Economy', TRUE),
('FY606_24A', 'FY606', 24, 'A', '24A', 'Economy', TRUE),
('FY606_24B', 'FY606', 24, 'B', '24B', 'Economy', TRUE),
('FY606_24C', 'FY606', 24, 'C', '24C', 'Economy', TRUE),
('FY606_24D', 'FY606', 24, 'D', '24D', 'Economy', TRUE),
('FY606_24E', 'FY606', 24, 'E', '24E', 'Economy', TRUE),
('FY606_24F', 'FY606', 24, 'F', '24F', 'Economy', TRUE),
('FY606_25A', 'FY606', 25, 'A', '25A', 'Economy', TRUE),
('FY606_25B', 'FY606', 25, 'B', '25B', 'Economy', TRUE),
('FY606_25C', 'FY606', 25, 'C', '25C', 'Economy', TRUE),
('FY606_25D', 'FY606', 25, 'D', '25D', 'Economy', TRUE),
('FY606_25E', 'FY606', 25, 'E', '25E', 'Economy', TRUE),
('FY606_25F', 'FY606', 25, 'F', '25F', 'Economy', TRUE),
('FY606_26A', 'FY606', 26, 'A', '26A', 'Economy', TRUE),
('FY606_26B', 'FY606', 26, 'B', '26B', 'Economy', TRUE),
('FY606_26C', 'FY606', 26, 'C', '26C', 'Economy', TRUE),
('FY606_26D', 'FY606', 26, 'D', '26D', 'Economy', TRUE),
('FY606_26E', 'FY606', 26, 'E', '26E', 'Economy', TRUE),
('FY606_26F', 'FY606', 26, 'F', '26F', 'Economy', TRUE),
('GA707_01A', 'GA707', 1, 'A', '01A', 'First', TRUE),
('GA707_01B', 'GA707', 1, 'B', '01B', 'First', TRUE),
('GA707_01C', 'GA707', 1, 'C', '01C', 'First', TRUE),
('GA707_01D', 'GA707', 1, 'D', '01D', 'First', TRUE),
('GA707_02A', 'GA707', 2, 'A', '02A', 'First', TRUE),
('GA707_02B', 'GA707', 2, 'B', '02B', 'First', TRUE),
('GA707_02C', 'GA707', 2, 'C', '02C', 'First', TRUE),
('GA707_02D', 'GA707', 2, 'D', '02D', 'First', TRUE),
('GA707_03A', 'GA707', 3, 'A', '03A', 'First', TRUE),
('GA707_03B', 'GA707', 3, 'B', '03B', 'First', TRUE),
('GA707_03C', 'GA707', 3, 'C', '03C', 'First', TRUE),
('GA707_03D', 'GA707', 3, 'D', '03D', 'First', TRUE),
('GA707_05A', 'GA707', 5, 'A', '05A', 'Business', TRUE),
('GA707_05B', 'GA707', 5, 'B', '05B', 'Business', TRUE),
('GA707_05C', 'GA707', 5, 'C', '05C', 'Business', TRUE),
('GA707_05D', 'GA707', 5, 'D', '05D', 'Business', TRUE),
('GA707_06A', 'GA707', 6, 'A', '06A', 'Business', TRUE),
('GA707_06B', 'GA707', 6, 'B', '06B', 'Business', TRUE),
('GA707_06C', 'GA707', 6, 'C', '06C', 'Business', TRUE),
('GA707_06D', 'GA707', 6, 'D', '06D', 'Business', TRUE),
('GA707_07A', 'GA707', 7, 'A', '07A', 'Business', TRUE),
('GA707_07B', 'GA707', 7, 'B', '07B', 'Business', TRUE),
('GA707_07C', 'GA707', 7, 'C', '07C', 'Business', TRUE),
('GA707_07D', 'GA707', 7, 'D', '07D', 'Business', TRUE),
('GA707_08A', 'GA707', 8, 'A', '08A', 'Business', TRUE),
('GA707_08B', 'GA707', 8, 'B', '08B', 'Business', TRUE),
('GA707_08C', 'GA707', 8, 'C', '08C', 'Business', TRUE),
('GA707_08D', 'GA707', 8, 'D', '08D', 'Business', TRUE),
('GA707_09A', 'GA707', 9, 'A', '09A', 'Business', TRUE),
('GA707_09B', 'GA707', 9, 'B', '09B', 'Business', TRUE),
('GA707_09C', 'GA707', 9, 'C', '09C', 'Business', TRUE),
('GA707_09D', 'GA707', 9, 'D', '09D', 'Business', TRUE),
('GA707_10A', 'GA707', 10, 'A', '10A', 'Business', TRUE),
('GA707_10B', 'GA707', 10, 'B', '10B', 'Business', TRUE),
('GA707_10C', 'GA707', 10, 'C', '10C', 'Business', TRUE),
('GA707_10D', 'GA707', 10, 'D', '10D', 'Business', TRUE),
('GA707_11A', 'GA707', 11, 'A', '11A', 'Business', TRUE),
('GA707_11B', 'GA707', 11, 'B', '11B', 'Business', TRUE),
('GA707_11C', 'GA707', 11, 'C', '11C', 'Business', TRUE),
('GA707_11D', 'GA707', 11, 'D', '11D', 'Business', TRUE),
('GA707_15A', 'GA707', 15, 'A', '15A', 'Economy', TRUE),
('GA707_15B', 'GA707', 15, 'B', '15B', 'Economy', TRUE),
('GA707_15C', 'GA707', 15, 'C', '15C', 'Economy', TRUE),
('GA707_15D', 'GA707', 15, 'D', '15D', 'Economy', TRUE),
('GA707_15E', 'GA707', 15, 'E', '15E', 'Economy', TRUE),
('GA707_15F', 'GA707', 15, 'F', '15F', 'Economy', TRUE),
('GA707_16A', 'GA707', 16, 'A', '16A', 'Economy', TRUE),
('GA707_16B', 'GA707', 16, 'B', '16B', 'Economy', TRUE),
('GA707_16C', 'GA707', 16, 'C', '16C', 'Economy', TRUE),
('GA707_16D', 'GA707', 16, 'D', '16D', 'Economy', TRUE),
('GA707_16E', 'GA707', 16, 'E', '16E', 'Economy', TRUE),
('GA707_16F', 'GA707', 16, 'F', '16F', 'Economy', TRUE),
('GA707_17A', 'GA707', 17, 'A', '17A', 'Economy', TRUE),
('GA707_17B', 'GA707', 17, 'B', '17B', 'Economy', TRUE),
('GA707_17C', 'GA707', 17, 'C', '17C', 'Economy', TRUE),
('GA707_17D', 'GA707', 17, 'D', '17D', 'Economy', TRUE),
('GA707_17E', 'GA707', 17, 'E', '17E', 'Economy', TRUE),
('GA707_17F', 'GA707', 17, 'F', '17F', 'Economy', TRUE),
('GA707_18A', 'GA707', 18, 'A', '18A', 'Economy', TRUE),
('GA707_18B', 'GA707', 18, 'B', '18B', 'Economy', TRUE),
('GA707_18C', 'GA707', 18, 'C', '18C', 'Economy', TRUE),
('GA707_18D', 'GA707', 18, 'D', '18D', 'Economy', TRUE),
('GA707_18E', 'GA707', 18, 'E', '18E', 'Economy', TRUE),
('GA707_18F', 'GA707', 18, 'F', '18F', 'Economy', TRUE),
('GA707_19A', 'GA707', 19, 'A', '19A', 'Economy', TRUE),
('GA707_19B', 'GA707', 19, 'B', '19B', 'Economy', TRUE),
('GA707_19C', 'GA707', 19, 'C', '19C', 'Economy', TRUE),
('GA707_19D', 'GA707', 19, 'D', '19D', 'Economy', TRUE),
('GA707_19E', 'GA707', 19, 'E', '19E', 'Economy', TRUE),
('GA707_19F', 'GA707', 19, 'F', '19F', 'Economy', TRUE),
('GA707_20A', 'GA707', 20, 'A', '20A', 'Economy', TRUE),
('GA707_20B', 'GA707', 20, 'B', '20B', 'Economy', TRUE),
('GA707_20C', 'GA707', 20, 'C', '20C', 'Economy', TRUE),
('GA707_20D', 'GA707', 20, 'D', '20D', 'Economy', TRUE),
('GA707_20E', 'GA707', 20, 'E', '20E', 'Economy', TRUE),
('GA707_20F', 'GA707', 20, 'F', '20F', 'Economy', TRUE),
('GA707_21A', 'GA707', 21, 'A', '21A', 'Economy', TRUE),
('GA707_21B', 'GA707', 21, 'B', '21B', 'Economy', TRUE),
('GA707_21C', 'GA707', 21, 'C', '21C', 'Economy', TRUE),
('GA707_21D', 'GA707', 21, 'D', '21D', 'Economy', TRUE),
('GA707_21E', 'GA707', 21, 'E', '21E', 'Economy', TRUE),
('GA707_21F', 'GA707', 21, 'F', '21F', 'Economy', TRUE),
('GA707_22A', 'GA707', 22, 'A', '22A', 'Economy', TRUE),
('GA707_22B', 'GA707', 22, 'B', '22B', 'Economy', TRUE),
('GA707_22C', 'GA707', 22, 'C', '22C', 'Economy', TRUE),
('GA707_22D', 'GA707', 22, 'D', '22D', 'Economy', TRUE),
('GA707_22E', 'GA707', 22, 'E', '22E', 'Economy', TRUE),
('GA707_22F', 'GA707', 22, 'F', '22F', 'Economy', TRUE),
('GA707_23A', 'GA707', 23, 'A', '23A', 'Economy', TRUE),
('GA707_23B', 'GA707', 23, 'B', '23B', 'Economy', TRUE),
('GA707_23C', 'GA707', 23, 'C', '23C', 'Economy', TRUE),
('GA707_23D', 'GA707', 23, 'D', '23D', 'Economy', TRUE),
('GA707_23E', 'GA707', 23, 'E', '23E', 'Economy', TRUE),
('GA707_23F', 'GA707', 23, 'F', '23F', 'Economy', TRUE),
('GA707_24A', 'GA707', 24, 'A', '24A', 'Economy', TRUE),
('GA707_24B', 'GA707', 24, 'B', '24B', 'Economy', TRUE),
('GA707_24C', 'GA707', 24, 'C', '24C', 'Economy', TRUE),
('GA707_24D', 'GA707', 24, 'D', '24D', 'Economy', TRUE),
('GA707_24E', 'GA707', 24, 'E', '24E', 'Economy', TRUE),
('GA707_24F', 'GA707', 24, 'F', '24F', 'Economy', TRUE),
('GA707_25A', 'GA707', 25, 'A', '25A', 'Economy', TRUE),
('GA707_25B', 'GA707', 25, 'B', '25B', 'Economy', TRUE),
('GA707_25C', 'GA707', 25, 'C', '25C', 'Economy', TRUE),
('GA707_25D', 'GA707', 25, 'D', '25D', 'Economy', TRUE),
('GA707_25E', 'GA707', 25, 'E', '25E', 'Economy', TRUE),
('GA707_25F', 'GA707', 25, 'F', '25F', 'Economy', TRUE),
('GA707_26A', 'GA707', 26, 'A', '26A', 'Economy', TRUE),
('GA707_26B', 'GA707', 26, 'B', '26B', 'Economy', TRUE),
('GA707_26C', 'GA707', 26, 'C', '26C', 'Economy', TRUE),
('GA707_26D', 'GA707', 26, 'D', '26D', 'Economy', TRUE),
('GA707_26E', 'GA707', 26, 'E', '26E', 'Economy', TRUE),
('GA707_26F', 'GA707', 26, 'F', '26F', 'Economy', TRUE),
('VN808_01A', 'VN808', 1, 'A', '01A', 'First', TRUE),
('VN808_01B', 'VN808', 1, 'B', '01B', 'First', TRUE),
('VN808_01C', 'VN808', 1, 'C', '01C', 'First', TRUE),
('VN808_01D', 'VN808', 1, 'D', '01D', 'First', TRUE),
('VN808_02A', 'VN808', 2, 'A', '02A', 'First', TRUE),
('VN808_02B', 'VN808', 2, 'B', '02B', 'First', TRUE),
('VN808_02C', 'VN808', 2, 'C', '02C', 'First', TRUE),
('VN808_02D', 'VN808', 2, 'D', '02D', 'First', TRUE),
('VN808_03A', 'VN808', 3, 'A', '03A', 'First', TRUE),
('VN808_03B', 'VN808', 3, 'B', '03B', 'First', TRUE),
('VN808_03C', 'VN808', 3, 'C', '03C', 'First', TRUE),
('VN808_03D', 'VN808', 3, 'D', '03D', 'First', TRUE),
('VN808_07B', 'VN808', 7, 'B', '07B', 'Business', TRUE),
('VN808_07C', 'VN808', 7, 'C', '07C', 'Business', TRUE),
('VN808_07D', 'VN808', 7, 'D', '07D', 'Business', TRUE),
('VN808_08A', 'VN808', 8, 'A', '08A', 'Business', TRUE),
('VN808_08B', 'VN808', 8, 'B', '08B', 'Business', TRUE),
('VN808_08C', 'VN808', 8, 'C', '08C', 'Business', TRUE),
('VN808_08D', 'VN808', 8, 'D', '08D', 'Business', TRUE),
('VN808_09A', 'VN808', 9, 'A', '09A', 'Business', TRUE),
('VN808_09B', 'VN808', 9, 'B', '09B', 'Business', TRUE),
('VN808_09C', 'VN808', 9, 'C', '09C', 'Business', TRUE),
('VN808_09D', 'VN808', 9, 'D', '09D', 'Business', TRUE),
('VN808_10A', 'VN808', 10, 'A', '10A', 'Business', TRUE),
('VN808_10B', 'VN808', 10, 'B', '10B', 'Business', TRUE),
('VN808_10C', 'VN808', 10, 'C', '10C', 'Business', TRUE),
('VN808_10D', 'VN808', 10, 'D', '10D', 'Business', TRUE),
('VN808_11A', 'VN808', 11, 'A', '11A', 'Business', TRUE),
('VN808_11B', 'VN808', 11, 'B', '11B', 'Business', TRUE),
('VN808_11C', 'VN808', 11, 'C', '11C', 'Business', TRUE),
('VN808_11D', 'VN808', 11, 'D', '11D', 'Business', TRUE),
('VN808_15A', 'VN808', 15, 'A', '15A', 'Economy', TRUE),
('VN808_15B', 'VN808', 15, 'B', '15B', 'Economy', TRUE),
('VN808_15C', 'VN808', 15, 'C', '15C', 'Economy', TRUE),
('VN808_15D', 'VN808', 15, 'D', '15D', 'Economy', TRUE),
('VN808_15E', 'VN808', 15, 'E', '15E', 'Economy', TRUE),
('VN808_15F', 'VN808', 15, 'F', '15F', 'Economy', TRUE),
('VN808_16A', 'VN808', 16, 'A', '16A', 'Economy', TRUE),
('VN808_16B', 'VN808', 16, 'B', '16B', 'Economy', TRUE),
('VN808_16C', 'VN808', 16, 'C', '16C', 'Economy', TRUE),
('VN808_16D', 'VN808', 16, 'D', '16D', 'Economy', TRUE),
('VN808_16E', 'VN808', 16, 'E', '16E', 'Economy', TRUE),
('VN808_16F', 'VN808', 16, 'F', '16F', 'Economy', TRUE),
('VN808_17A', 'VN808', 17, 'A', '17A', 'Economy', TRUE),
('VN808_17B', 'VN808', 17, 'B', '17B', 'Economy', TRUE),
('VN808_17C', 'VN808', 17, 'C', '17C', 'Economy', TRUE),
('VN808_17D', 'VN808', 17, 'D', '17D', 'Economy', TRUE),
('VN808_17E', 'VN808', 17, 'E', '17E', 'Economy', TRUE),
('VN808_17F', 'VN808', 17, 'F', '17F', 'Economy', TRUE),
('VN808_18A', 'VN808', 18, 'A', '18A', 'Economy', TRUE),
('VN808_18B', 'VN808', 18, 'B', '18B', 'Economy', TRUE),
('VN808_18C', 'VN808', 18, 'C', '18C', 'Economy', TRUE),
('VN808_18D', 'VN808', 18, 'D', '18D', 'Economy', TRUE),
('VN808_18E', 'VN808', 18, 'E', '18E', 'Economy', TRUE),
('VN808_18F', 'VN808', 18, 'F', '18F', 'Economy', TRUE),
('VN808_19A', 'VN808', 19, 'A', '19A', 'Economy', TRUE),
('VN808_19B', 'VN808', 19, 'B', '19B', 'Economy', TRUE),
('VN808_19C', 'VN808', 19, 'C', '19C', 'Economy', TRUE),
('VN808_19D', 'VN808', 19, 'D', '19D', 'Economy', TRUE),
('VN808_19E', 'VN808', 19, 'E', '19E', 'Economy', TRUE),
('VN808_19F', 'VN808', 19, 'F', '19F', 'Economy', TRUE),
('VN808_20A', 'VN808', 20, 'A', '20A', 'Economy', TRUE),
('VN808_20B', 'VN808', 20, 'B', '20B', 'Economy', TRUE),
('VN808_20C', 'VN808', 20, 'C', '20C', 'Economy', TRUE),
('VN808_20D', 'VN808', 20, 'D', '20D', 'Economy', TRUE),
('VN808_20E', 'VN808', 20, 'E', '20E', 'Economy', TRUE),
('VN808_20F', 'VN808', 20, 'F', '20F', 'Economy', TRUE),
('VN808_21A', 'VN808', 21, 'A', '21A', 'Economy', TRUE),
('VN808_21B', 'VN808', 21, 'B', '21B', 'Economy', TRUE),
('VN808_21C', 'VN808', 21, 'C', '21C', 'Economy', TRUE),
('VN808_21D', 'VN808', 21, 'D', '21D', 'Economy', TRUE),
('VN808_21E', 'VN808', 21, 'E', '21E', 'Economy', TRUE),
('VN808_21F', 'VN808', 21, 'F', '21F', 'Economy', TRUE),
('VN808_22A', 'VN808', 22, 'A', '22A', 'Economy', TRUE),
('VN808_22B', 'VN808', 22, 'B', '22B', 'Economy', TRUE),
('VN808_22C', 'VN808', 22, 'C', '22C', 'Economy', TRUE),
('VN808_22D', 'VN808', 22, 'D', '22D', 'Economy', TRUE),
('VN808_22E', 'VN808', 22, 'E', '22E', 'Economy', TRUE),
('VN808_22F', 'VN808', 22, 'F', '22F', 'Economy', TRUE),
('VN808_23A', 'VN808', 23, 'A', '23A', 'Economy', TRUE),
('VN808_23B', 'VN808', 23, 'B', '23B', 'Economy', TRUE),
('VN808_23C', 'VN808', 23, 'C', '23C', 'Economy', TRUE),
('VN808_23D', 'VN808', 23, 'D', '23D', 'Economy', TRUE),
('VN808_23E', 'VN808', 23, 'E', '23E', 'Economy', TRUE),
('VN808_23F', 'VN808', 23, 'F', '23F', 'Economy', TRUE),
('VN808_24A', 'VN808', 24, 'A', '24A', 'Economy', TRUE),
('VN808_24B', 'VN808', 24, 'B', '24B', 'Economy', TRUE),
('VN808_24C', 'VN808', 24, 'C', '24C', 'Economy', TRUE),
('VN808_24D', 'VN808', 24, 'D', '24D', 'Economy', TRUE),
('VN808_24E', 'VN808', 24, 'E', '24E', 'Economy', TRUE),
('VN808_24F', 'VN808', 24, 'F', '24F', 'Economy', TRUE),
('VN808_25A', 'VN808', 25, 'A', '25A', 'Economy', TRUE),
('VN808_25B', 'VN808', 25, 'B', '25B', 'Economy', TRUE),
('VN808_25C', 'VN808', 25, 'C', '25C', 'Economy', TRUE),
('VN808_25D', 'VN808', 25, 'D', '25D', 'Economy', TRUE),
('VN808_25E', 'VN808', 25, 'E', '25E', 'Economy', TRUE),
('VN808_25F', 'VN808', 25, 'F', '25F', 'Economy', TRUE),
('VN808_26A', 'VN808', 26, 'A', '26A', 'Economy', TRUE),
('VN808_26B', 'VN808', 26, 'B', '26B', 'Economy', TRUE),
('VN808_26C', 'VN808', 26, 'C', '26C', 'Economy', TRUE),
('VN808_26D', 'VN808', 26, 'D', '26D', 'Economy', TRUE),
('VN808_26E', 'VN808', 26, 'E', '26E', 'Economy', TRUE),
('VN808_26F', 'VN808', 26, 'F', '26F', 'Economy', TRUE),
('PR909_01A', 'PR909', 1, 'A', '01A', 'First', TRUE),
('PR909_01B', 'PR909', 1, 'B', '01B', 'First', TRUE),
('PR909_01C', 'PR909', 1, 'C', '01C', 'First', TRUE),
('PR909_01D', 'PR909', 1, 'D', '01D', 'First', TRUE),
('PR909_02A', 'PR909', 2, 'A', '02A', 'First', TRUE),
('PR909_02B', 'PR909', 2, 'B', '02B', 'First', TRUE),
('PR909_02C', 'PR909', 2, 'C', '02C', 'First', TRUE),
('PR909_02D', 'PR909', 2, 'D', '02D', 'First', TRUE),
('PR909_03A', 'PR909', 3, 'A', '03A', 'First', TRUE),
('PR909_03B', 'PR909', 3, 'B', '03B', 'First', TRUE),
('PR909_03C', 'PR909', 3, 'C', '03C', 'First', TRUE),
('PR909_03D', 'PR909', 3, 'D', '03D', 'First', TRUE),
('PR909_05A', 'PR909', 5, 'A', '05A', 'Business', TRUE),
('PR909_05B', 'PR909', 5, 'B', '05B', 'Business', TRUE),
('PR909_05C', 'PR909', 5, 'C', '05C', 'Business', TRUE),
('PR909_05D', 'PR909', 5, 'D', '05D', 'Business', TRUE),
('PR909_06A', 'PR909', 6, 'A', '06A', 'Business', TRUE),
('PR909_06B', 'PR909', 6, 'B', '06B', 'Business', TRUE),
('PR909_06C', 'PR909', 6, 'C', '06C', 'Business', TRUE),
('PR909_06D', 'PR909', 6, 'D', '06D', 'Business', TRUE),
('PR909_07A', 'PR909', 7, 'A', '07A', 'Business', TRUE),
('PR909_07B', 'PR909', 7, 'B', '07B', 'Business', TRUE),
('PR909_07C', 'PR909', 7, 'C', '07C', 'Business', TRUE),
('PR909_07D', 'PR909', 7, 'D', '07D', 'Business', TRUE),
('PR909_08A', 'PR909', 8, 'A', '08A', 'Business', TRUE),
('PR909_08B', 'PR909', 8, 'B', '08B', 'Business', TRUE),
('PR909_08C', 'PR909', 8, 'C', '08C', 'Business', TRUE),
('PR909_08D', 'PR909', 8, 'D', '08D', 'Business', TRUE),
('PR909_09A', 'PR909', 9, 'A', '09A', 'Business', TRUE),
('PR909_09B', 'PR909', 9, 'B', '09B', 'Business', TRUE),
('PR909_09C', 'PR909', 9, 'C', '09C', 'Business', TRUE),
('PR909_09D', 'PR909', 9, 'D', '09D', 'Business', TRUE),
('PR909_10A', 'PR909', 10, 'A', '10A', 'Business', TRUE),
('PR909_10B', 'PR909', 10, 'B', '10B', 'Business', TRUE),
('PR909_10C', 'PR909', 10, 'C', '10C', 'Business', TRUE),
('PR909_10D', 'PR909', 10, 'D', '10D', 'Business', TRUE),
('PR909_11A', 'PR909', 11, 'A', '11A', 'Business', TRUE),
('PR909_11B', 'PR909', 11, 'B', '11B', 'Business', TRUE),
('PR909_11C', 'PR909', 11, 'C', '11C', 'Business', TRUE),
('PR909_11D', 'PR909', 11, 'D', '11D', 'Business', TRUE),
('PR909_15A', 'PR909', 15, 'A', '15A', 'Economy', TRUE),
('PR909_15B', 'PR909', 15, 'B', '15B', 'Economy', TRUE),
('PR909_15C', 'PR909', 15, 'C', '15C', 'Economy', TRUE),
('PR909_15D', 'PR909', 15, 'D', '15D', 'Economy', TRUE),
('PR909_15E', 'PR909', 15, 'E', '15E', 'Economy', TRUE),
('PR909_15F', 'PR909', 15, 'F', '15F', 'Economy', TRUE),
('PR909_16A', 'PR909', 16, 'A', '16A', 'Economy', TRUE),
('PR909_16B', 'PR909', 16, 'B', '16B', 'Economy', TRUE),
('PR909_16C', 'PR909', 16, 'C', '16C', 'Economy', TRUE),
('PR909_16D', 'PR909', 16, 'D', '16D', 'Economy', TRUE),
('PR909_16E', 'PR909', 16, 'E', '16E', 'Economy', TRUE),
('PR909_16F', 'PR909', 16, 'F', '16F', 'Economy', TRUE),
('PR909_17A', 'PR909', 17, 'A', '17A', 'Economy', TRUE),
('PR909_17B', 'PR909', 17, 'B', '17B', 'Economy', TRUE),
('PR909_17C', 'PR909', 17, 'C', '17C', 'Economy', TRUE),
('PR909_17D', 'PR909', 17, 'D', '17D', 'Economy', TRUE),
('PR909_17E', 'PR909', 17, 'E', '17E', 'Economy', TRUE),
('PR909_17F', 'PR909', 17, 'F', '17F', 'Economy', TRUE),
('PR909_18A', 'PR909', 18, 'A', '18A', 'Economy', TRUE),
('PR909_18B', 'PR909', 18, 'B', '18B', 'Economy', TRUE),
('PR909_18C', 'PR909', 18, 'C', '18C', 'Economy', TRUE),
('PR909_18D', 'PR909', 18, 'D', '18D', 'Economy', TRUE),
('PR909_18E', 'PR909', 18, 'E', '18E', 'Economy', TRUE),
('PR909_18F', 'PR909', 18, 'F', '18F', 'Economy', TRUE),
('PR909_19A', 'PR909', 19, 'A', '19A', 'Economy', TRUE),
('PR909_19B', 'PR909', 19, 'B', '19B', 'Economy', TRUE),
('PR909_19C', 'PR909', 19, 'C', '19C', 'Economy', TRUE),
('PR909_19D', 'PR909', 19, 'D', '19D', 'Economy', TRUE),
('PR909_19E', 'PR909', 19, 'E', '19E', 'Economy', TRUE),
('PR909_19F', 'PR909', 19, 'F', '19F', 'Economy', TRUE),
('PR909_20A', 'PR909', 20, 'A', '20A', 'Economy', TRUE),
('PR909_20B', 'PR909', 20, 'B', '20B', 'Economy', TRUE),
('PR909_20C', 'PR909', 20, 'C', '20C', 'Economy', TRUE),
('PR909_20D', 'PR909', 20, 'D', '20D', 'Economy', TRUE),
('PR909_20E', 'PR909', 20, 'E', '20E', 'Economy', TRUE),
('PR909_20F', 'PR909', 20, 'F', '20F', 'Economy', TRUE),
('PR909_21A', 'PR909', 21, 'A', '21A', 'Economy', TRUE),
('PR909_21B', 'PR909', 21, 'B', '21B', 'Economy', TRUE),
('PR909_21C', 'PR909', 21, 'C', '21C', 'Economy', TRUE),
('PR909_21D', 'PR909', 21, 'D', '21D', 'Economy', TRUE),
('PR909_21E', 'PR909', 21, 'E', '21E', 'Economy', TRUE),
('PR909_21F', 'PR909', 21, 'F', '21F', 'Economy', TRUE),
('PR909_22A', 'PR909', 22, 'A', '22A', 'Economy', TRUE),
('PR909_22B', 'PR909', 22, 'B', '22B', 'Economy', TRUE),
('PR909_22C', 'PR909', 22, 'C', '22C', 'Economy', TRUE),
('PR909_22D', 'PR909', 22, 'D', '22D', 'Economy', TRUE),
('PR909_22E', 'PR909', 22, 'E', '22E', 'Economy', TRUE),
('PR909_22F', 'PR909', 22, 'F', '22F', 'Economy', TRUE),
('PR909_23A', 'PR909', 23, 'A', '23A', 'Economy', TRUE),
('PR909_23B', 'PR909', 23, 'B', '23B', 'Economy', TRUE),
('PR909_23C', 'PR909', 23, 'C', '23C', 'Economy', TRUE),
('PR909_23D', 'PR909', 23, 'D', '23D', 'Economy', TRUE),
('PR909_23E', 'PR909', 23, 'E', '23E', 'Economy', TRUE),
('PR909_23F', 'PR909', 23, 'F', '23F', 'Economy', TRUE),
('PR909_24A', 'PR909', 24, 'A', '24A', 'Economy', TRUE),
('PR909_24B', 'PR909', 24, 'B', '24B', 'Economy', TRUE),
('PR909_24C', 'PR909', 24, 'C', '24C', 'Economy', TRUE),
('PR909_24D', 'PR909', 24, 'D', '24D', 'Economy', TRUE),
('PR909_24E', 'PR909', 24, 'E', '24E', 'Economy', TRUE),
('PR909_24F', 'PR909', 24, 'F', '24F', 'Economy', TRUE),
('PR909_25A', 'PR909', 25, 'A', '25A', 'Economy', TRUE),
('PR909_25B', 'PR909', 25, 'B', '25B', 'Economy', TRUE),
('PR909_25C', 'PR909', 25, 'C', '25C', 'Economy', TRUE),
('PR909_25D', 'PR909', 25, 'D', '25D', 'Economy', TRUE),
('PR909_25E', 'PR909', 25, 'E', '25E', 'Economy', TRUE),
('PR909_25F', 'PR909', 25, 'F', '25F', 'Economy', TRUE),
('PR909_26A', 'PR909', 26, 'A', '26A', 'Economy', TRUE),
('PR909_26B', 'PR909', 26, 'B', '26B', 'Economy', TRUE),
('PR909_26C', 'PR909', 26, 'C', '26C', 'Economy', TRUE),
('PR909_26D', 'PR909', 26, 'D', '26D', 'Economy', TRUE),
('PR909_26E', 'PR909', 26, 'E', '26E', 'Economy', TRUE),
('PR909_26F', 'PR909', 26, 'F', '26F', 'Economy', TRUE),
('CX110_01D', 'CX110', 1, 'D', '01D', 'First', TRUE),
('CX110_02A', 'CX110', 2, 'A', '02A', 'First', TRUE),
('CX110_02B', 'CX110', 2, 'B', '02B', 'First', TRUE),
('CX110_02C', 'CX110', 2, 'C', '02C', 'First', TRUE),
('CX110_02D', 'CX110', 2, 'D', '02D', 'First', TRUE),
('CX110_03A', 'CX110', 3, 'A', '03A', 'First', TRUE),
('CX110_03B', 'CX110', 3, 'B', '03B', 'First', TRUE),
('CX110_03C', 'CX110', 3, 'C', '03C', 'First', TRUE),
('CX110_03D', 'CX110', 3, 'D', '03D', 'First', TRUE),
('CX110_05A', 'CX110', 5, 'A', '05A', 'Business', TRUE),
('CX110_05B', 'CX110', 5, 'B', '05B', 'Business', TRUE),
('CX110_05C', 'CX110', 5, 'C', '05C', 'Business', TRUE),
('CX110_05D', 'CX110', 5, 'D', '05D', 'Business', TRUE),
('CX110_06A', 'CX110', 6, 'A', '06A', 'Business', TRUE),
('CX110_06B', 'CX110', 6, 'B', '06B', 'Business', TRUE),
('CX110_06C', 'CX110', 6, 'C', '06C', 'Business', TRUE),
('CX110_06D', 'CX110', 6, 'D', '06D', 'Business', TRUE),
('CX110_07A', 'CX110', 7, 'A', '07A', 'Business', TRUE),
('CX110_07B', 'CX110', 7, 'B', '07B', 'Business', TRUE),
('CX110_07C', 'CX110', 7, 'C', '07C', 'Business', TRUE),
('CX110_07D', 'CX110', 7, 'D', '07D', 'Business', TRUE),
('CX110_08A', 'CX110', 8, 'A', '08A', 'Business', TRUE),
('CX110_08B', 'CX110', 8, 'B', '08B', 'Business', TRUE),
('CX110_08C', 'CX110', 8, 'C', '08C', 'Business', TRUE),
('CX110_08D', 'CX110', 8, 'D', '08D', 'Business', TRUE),
('CX110_09A', 'CX110', 9, 'A', '09A', 'Business', TRUE),
('CX110_09B', 'CX110', 9, 'B', '09B', 'Business', TRUE),
('CX110_09C', 'CX110', 9, 'C', '09C', 'Business', TRUE),
('CX110_09D', 'CX110', 9, 'D', '09D', 'Business', TRUE),
('CX110_10A', 'CX110', 10, 'A', '10A', 'Business', TRUE),
('CX110_10B', 'CX110', 10, 'B', '10B', 'Business', TRUE),
('CX110_10C', 'CX110', 10, 'C', '10C', 'Business', TRUE),
('CX110_10D', 'CX110', 10, 'D', '10D', 'Business', TRUE),
('CX110_11A', 'CX110', 11, 'A', '11A', 'Business', TRUE),
('CX110_11B', 'CX110', 11, 'B', '11B', 'Business', TRUE),
('CX110_11C', 'CX110', 11, 'C', '11C', 'Business', TRUE),
('CX110_11D', 'CX110', 11, 'D', '11D', 'Business', TRUE),
('CX110_15A', 'CX110', 15, 'A', '15A', 'Economy', TRUE),
('CX110_15B', 'CX110', 15, 'B', '15B', 'Economy', TRUE),
('CX110_15C', 'CX110', 15, 'C', '15C', 'Economy', TRUE),
('CX110_15D', 'CX110', 15, 'D', '15D', 'Economy', TRUE),
('CX110_15E', 'CX110', 15, 'E', '15E', 'Economy', TRUE),
('CX110_15F', 'CX110', 15, 'F', '15F', 'Economy', TRUE),
('CX110_16A', 'CX110', 16, 'A', '16A', 'Economy', TRUE),
('CX110_16B', 'CX110', 16, 'B', '16B', 'Economy', TRUE),
('CX110_16C', 'CX110', 16, 'C', '16C', 'Economy', TRUE),
('CX110_16D', 'CX110', 16, 'D', '16D', 'Economy', TRUE),
('CX110_16E', 'CX110', 16, 'E', '16E', 'Economy', TRUE),
('CX110_16F', 'CX110', 16, 'F', '16F', 'Economy', TRUE),
('CX110_17A', 'CX110', 17, 'A', '17A', 'Economy', TRUE),
('CX110_17B', 'CX110', 17, 'B', '17B', 'Economy', TRUE),
('CX110_17C', 'CX110', 17, 'C', '17C', 'Economy', TRUE),
('CX110_17D', 'CX110', 17, 'D', '17D', 'Economy', TRUE),
('CX110_17E', 'CX110', 17, 'E', '17E', 'Economy', TRUE),
('CX110_17F', 'CX110', 17, 'F', '17F', 'Economy', TRUE),
('CX110_18A', 'CX110', 18, 'A', '18A', 'Economy', TRUE),
('CX110_18B', 'CX110', 18, 'B', '18B', 'Economy', TRUE),
('CX110_18C', 'CX110', 18, 'C', '18C', 'Economy', TRUE),
('CX110_18D', 'CX110', 18, 'D', '18D', 'Economy', TRUE),
('CX110_18E', 'CX110', 18, 'E', '18E', 'Economy', TRUE),
('CX110_18F', 'CX110', 18, 'F', '18F', 'Economy', TRUE),
('CX110_19A', 'CX110', 19, 'A', '19A', 'Economy', TRUE),
('CX110_19B', 'CX110', 19, 'B', '19B', 'Economy', TRUE),
('CX110_19C', 'CX110', 19, 'C', '19C', 'Economy', TRUE),
('CX110_19D', 'CX110', 19, 'D', '19D', 'Economy', TRUE),
('CX110_19E', 'CX110', 19, 'E', '19E', 'Economy', TRUE),
('CX110_19F', 'CX110', 19, 'F', '19F', 'Economy', TRUE),
('CX110_20A', 'CX110', 20, 'A', '20A', 'Economy', TRUE),
('CX110_20B', 'CX110', 20, 'B', '20B', 'Economy', TRUE),
('CX110_20C', 'CX110', 20, 'C', '20C', 'Economy', TRUE),
('CX110_20D', 'CX110', 20, 'D', '20D', 'Economy', TRUE),
('CX110_20E', 'CX110', 20, 'E', '20E', 'Economy', TRUE),
('CX110_20F', 'CX110', 20, 'F', '20F', 'Economy', TRUE),
('CX110_21A', 'CX110', 21, 'A', '21A', 'Economy', TRUE),
('CX110_21B', 'CX110', 21, 'B', '21B', 'Economy', TRUE),
('CX110_21C', 'CX110', 21, 'C', '21C', 'Economy', TRUE),
('CX110_21D', 'CX110', 21, 'D', '21D', 'Economy', TRUE),
('CX110_21E', 'CX110', 21, 'E', '21E', 'Economy', TRUE),
('CX110_21F', 'CX110', 21, 'F', '21F', 'Economy', TRUE),
('CX110_22A', 'CX110', 22, 'A', '22A', 'Economy', TRUE),
('CX110_22B', 'CX110', 22, 'B', '22B', 'Economy', TRUE),
('CX110_22C', 'CX110', 22, 'C', '22C', 'Economy', TRUE),
('CX110_22D', 'CX110', 22, 'D', '22D', 'Economy', TRUE),
('CX110_22E', 'CX110', 22, 'E', '22E', 'Economy', TRUE),
('CX110_22F', 'CX110', 22, 'F', '22F', 'Economy', TRUE),
('CX110_23A', 'CX110', 23, 'A', '23A', 'Economy', TRUE),
('CX110_23B', 'CX110', 23, 'B', '23B', 'Economy', TRUE),
('CX110_23C', 'CX110', 23, 'C', '23C', 'Economy', TRUE),
('CX110_23D', 'CX110', 23, 'D', '23D', 'Economy', TRUE),
('CX110_23E', 'CX110', 23, 'E', '23E', 'Economy', TRUE),
('CX110_23F', 'CX110', 23, 'F', '23F', 'Economy', TRUE),
('CX110_24A', 'CX110', 24, 'A', '24A', 'Economy', TRUE),
('CX110_24B', 'CX110', 24, 'B', '24B', 'Economy', TRUE),
('CX110_24C', 'CX110', 24, 'C', '24C', 'Economy', TRUE),
('CX110_24D', 'CX110', 24, 'D', '24D', 'Economy', TRUE),
('CX110_24E', 'CX110', 24, 'E', '24E', 'Economy', TRUE),
('CX110_24F', 'CX110', 24, 'F', '24F', 'Economy', TRUE),
('CX110_25A', 'CX110', 25, 'A', '25A', 'Economy', TRUE),
('CX110_25B', 'CX110', 25, 'B', '25B', 'Economy', TRUE),
('CX110_25C', 'CX110', 25, 'C', '25C', 'Economy', TRUE),
('CX110_25D', 'CX110', 25, 'D', '25D', 'Economy', TRUE),
('CX110_25E', 'CX110', 25, 'E', '25E', 'Economy', TRUE),
('CX110_25F', 'CX110', 25, 'F', '25F', 'Economy', TRUE),
('CX110_26A', 'CX110', 26, 'A', '26A', 'Economy', TRUE),
('CX110_26B', 'CX110', 26, 'B', '26B', 'Economy', TRUE),
('CX110_26C', 'CX110', 26, 'C', '26C', 'Economy', TRUE),
('CX110_26D', 'CX110', 26, 'D', '26D', 'Economy', TRUE),
('CX110_26E', 'CX110', 26, 'E', '26E', 'Economy', TRUE),
('CX110_26F', 'CX110', 26, 'F', '26F', 'Economy', TRUE);

-- Bookings (60 total: BKG001-BKG030 for individuals, BKG031-BKG060 for groups)
INSERT INTO `bookings` (`booking_id`, `flight_number`, `is_group_booking`, `fare_class`) VALUES
('BKG001', 'AK101', FALSE, 'Economy'), ('BKG002', 'MH202', FALSE, 'Economy'), ('BKG003', 'OD303', FALSE, 'Economy'),
('BKG004', 'SQ404', FALSE, 'Business'), ('BKG005', 'TG505', FALSE, 'Economy'), ('BKG006', 'FY606', FALSE, 'Economy'),
('BKG007', 'GA707', FALSE, 'Economy'), ('BKG008', 'VN808', FALSE, 'Business'), ('BKG009', 'PR909', FALSE, 'Economy'),
('BKG010', 'CX110', FALSE, 'First Class'), ('BKG011', 'AK101', FALSE, 'Economy'), ('BKG012', 'MH202', FALSE, 'Economy'),
('BKG013', 'OD303', FALSE, 'Economy'), ('BKG014', 'SQ404', FALSE, 'Business'), ('BKG015', 'TG505', FALSE, 'Economy'),
('BKG016', 'FY606', FALSE, 'Economy'), ('BKG017', 'GA707', FALSE, 'Economy'), ('BKG018', 'VN808', FALSE, 'Business'),
('BKG019', 'PR909', FALSE, 'Economy'), ('BKG020', 'CX110', FALSE, 'First Class'), ('BKG021', 'AK101', FALSE, 'Economy'),
('BKG022', 'MH202', FALSE, 'Economy'), ('BKG023', 'OD303', FALSE, 'Economy'), ('BKG024', 'SQ404', FALSE, 'Business'),
('BKG025', 'TG505', FALSE, 'Economy'), ('BKG026', 'FY606', FALSE, 'Economy'), ('BKG027', 'GA707', FALSE, 'Economy'),
('BKG028', 'VN808', FALSE, 'Business'), ('BKG029', 'PR909', FALSE, 'Economy'), ('BKG030', 'CX110', FALSE, 'First Class'),
('BKG031', 'AK101', TRUE, 'Economy'), ('BKG032', 'MH202', TRUE, 'Economy'), ('BKG033', 'OD303', TRUE, 'Economy'),
('BKG034', 'SQ404', TRUE, 'Business'), ('BKG035', 'TG505', TRUE, 'Economy'), ('BKG036', 'FY606', TRUE, 'Economy'),
('BKG037', 'GA707', TRUE, 'Economy'), ('BKG038', 'VN808', TRUE, 'Business'), ('BKG039', 'PR909', TRUE, 'Economy'),
('BKG040', 'CX110', TRUE, 'Economy'), ('BKG041', 'AK101', TRUE, 'Economy'), ('BKG042', 'MH202', TRUE, 'Economy'),
('BKG043', 'OD303', TRUE, 'Economy'), ('BKG044', 'SQ404', TRUE, 'Business'), ('BKG045', 'TG505', TRUE, 'Economy'),
('BKG046', 'FY606', TRUE, 'Economy'), ('BKG047', 'GA707', TRUE, 'Economy'), ('BKG048', 'VN808', TRUE, 'Business'),
('BKG049', 'PR909', TRUE, 'Economy'), ('BKG050', 'CX110', TRUE, 'Economy'), ('BKG051', 'AK101', TRUE, 'Economy'),
('BKG052', 'MH202', TRUE, 'Economy'), ('BKG053', 'OD303', TRUE, 'Economy'), ('BKG054', 'SQ404', TRUE, 'Business'),
('BKG055', 'TG505', TRUE, 'Economy'), ('BKG056', 'FY606', TRUE, 'Economy'), ('BKG057', 'GA707', TRUE, 'Economy'),
('BKG058', 'VN808', TRUE, 'Business'), ('BKG059', 'PR909', TRUE, 'Economy'), ('BKG060', 'CX110', TRUE, 'Economy');

-- Booking Passengers (100 passengers with seat assignments)
INSERT INTO `booking_passengers` (`booking_id`, `passenger_id`, `seat_number`, `assigned_seat_id`) VALUES
-- Economy Class passengers (seat_number and assigned_seat_id are NULL)
('BKG001', 'P001', NULL, NULL), ('BKG002', 'P002', NULL, NULL), ('BKG003', 'P003', NULL, NULL),
('BKG005', 'P005', NULL, NULL), ('BKG006', 'P006', NULL, NULL), ('BKG007', 'P007', NULL, NULL),
('BKG009', 'P009', NULL, NULL), ('BKG011', 'P011', NULL, NULL), ('BKG012', 'P012', NULL, NULL),
('BKG013', 'P013', NULL, NULL), ('BKG015', 'P015', NULL, NULL), ('BKG016', 'P016', NULL, NULL),
('BKG017', 'P017', NULL, NULL), ('BKG019', 'P019', NULL, NULL), ('BKG021', 'P021', NULL, NULL),
('BKG022', 'P022', NULL, NULL), ('BKG023', 'P023', NULL, NULL), ('BKG025', 'P025', NULL, NULL),
('BKG026', 'P026', NULL, NULL), ('BKG027', 'P027', NULL, NULL), ('BKG029', 'P029', NULL, NULL),
('BKG031', 'P031', NULL, NULL), ('BKG031', 'P032', NULL, NULL), ('BKG031', 'P033', NULL, NULL),
('BKG032', 'P034', NULL, NULL), ('BKG032', 'P035', NULL, NULL), ('BKG033', 'P036', NULL, NULL),
('BKG033', 'P037', NULL, NULL), ('BKG035', 'P041', NULL, NULL), ('BKG035', 'P042', NULL, NULL),
('BKG036', 'P043', NULL, NULL), ('BKG036', 'P044', NULL, NULL), ('BKG037', 'P045', NULL, NULL),
('BKG037', 'P046', NULL, NULL), ('BKG039', 'P049', NULL, NULL), ('BKG039', 'P050', NULL, NULL),
('BKG040', 'P051', NULL, NULL), ('BKG040', 'P052', NULL, NULL), ('BKG041', 'P053', NULL, NULL),
('BKG041', 'P054', NULL, NULL), ('BKG042', 'P055', NULL, NULL), ('BKG042', 'P056', NULL, NULL),
('BKG043', 'P057', NULL, NULL), ('BKG043', 'P058', NULL, NULL), ('BKG045', 'P062', NULL, NULL),
('BKG045', 'P063', NULL, NULL), ('BKG046', 'P064', NULL, NULL), ('BKG046', 'P065', NULL, NULL),
('BKG047', 'P066', NULL, NULL), ('BKG047', 'P067', NULL, NULL), ('BKG049', 'P070', NULL, NULL),
('BKG049', 'P071', NULL, NULL), ('BKG050', 'P072', NULL, NULL), ('BKG050', 'P073', NULL, NULL),
('BKG051', 'P074', NULL, NULL), ('BKG051', 'P075', NULL, NULL), ('BKG052', 'P076', NULL, NULL),
('BKG052', 'P077', NULL, NULL), ('BKG053', 'P078', NULL, NULL), ('BKG053', 'P079', NULL, NULL),
('BKG055', 'P083', NULL, NULL), ('BKG055', 'P084', NULL, NULL), ('BKG056', 'P085', NULL, NULL),
('BKG056', 'P086', NULL, NULL), ('BKG057', 'P087', NULL, NULL), ('BKG057', 'P088', NULL, NULL),
('BKG059', 'P091', NULL, NULL), ('BKG059', 'P092', NULL, NULL), ('BKG060', 'P093', NULL, NULL),
('BKG060', 'P094', NULL, NULL), ('BKG060', 'P095', NULL, NULL), ('BKG060', 'P096', NULL, NULL),
('BKG060', 'P097', NULL, NULL), ('BKG060', 'P098', NULL, NULL), ('BKG060', 'P099', NULL, NULL),
('BKG060', 'P100', NULL, NULL),
-- Business Class passengers (assigned to Business seats)
('BKG004', 'P004', '01A', 'SQ404_01A'), ('BKG014', 'P014', '01B', 'SQ404_01B'),
('BKG024', 'P024', '01C', 'SQ404_01C'), ('BKG034', 'P038', '01D', 'SQ404_01D'),
('BKG034', 'P039', '02A', 'SQ404_02A'), ('BKG034', 'P040', '02B', 'SQ404_02B'),
('BKG044', 'P059', '02C', 'SQ404_02C'), ('BKG044', 'P060', '02D', 'SQ404_02D'),
('BKG044', 'P061', '03A', 'SQ404_03A'), ('BKG054', 'P080', '03B', 'SQ404_03B'),
('BKG054', 'P081', '03C', 'SQ404_03C'), ('BKG054', 'P082', '03D', 'SQ404_03D'),
('BKG008', 'P008', '05A', 'VN808_05A'), ('BKG018', 'P018', '05B', 'VN808_05B'),
('BKG028', 'P028', '05C', 'VN808_05C'), ('BKG038', 'P047', '05D', 'VN808_05D'),
('BKG038', 'P048', '06A', 'VN808_06A'), ('BKG048', 'P068', '06B', 'VN808_06B'),
('BKG048', 'P069', '06C', 'VN808_06C'), ('BKG058', 'P089', '06D', 'VN808_06D'),
('BKG058', 'P090', '07A', 'VN808_07A'),
-- First Class passengers (assigned to First seats)
('BKG010', 'P010', '01A', 'CX110_01A'), ('BKG020', 'P020', '01B', 'CX110_01B'),
('BKG030', 'P030', '01C', 'CX110_01C');

-- Groups (50 total, linking group bookings to group IDs)
INSERT INTO `groups` (`group_id`, `booking_id`) VALUES
('GRP001', 'BKG031'), ('GRP002', 'BKG032'), ('GRP003', 'BKG033'), ('GRP004', 'BKG034'), ('GRP005', 'BKG035'),
('GRP006', 'BKG036'), ('GRP007', 'BKG037'), ('GRP008', 'BKG038'), ('GRP009', 'BKG039'), ('GRP010', 'BKG040'),
('GRP011', 'BKG041'), ('GRP012', 'BKG042'), ('GRP013', 'BKG043'), ('GRP014', 'BKG044'), ('GRP015', 'BKG045'),
('GRP016', 'BKG046'), ('GRP017', 'BKG047'), ('GRP018', 'BKG048'), ('GRP019', 'BKG049'), ('GRP020', 'BKG050'),
('GRP021', 'BKG051'), ('GRP022', 'BKG052'), ('GRP023', 'BKG053'), ('GRP024', 'BKG054'), ('GRP025', 'BKG055'),
('GRP026', 'BKG056'), ('GRP027', 'BKG057'), ('GRP028', 'BKG058'), ('GRP029', 'BKG059'), ('GRP030', 'BKG060');
-- GRP031-GRP050 are created but have no members as we only have 30 group bookings.

-- Group Members (70 members distributed into 30 groups)
INSERT INTO `group_members` (`group_id`, `passenger_id`) VALUES
('GRP001', 'P031'), ('GRP001', 'P032'), ('GRP001', 'P033'),
('GRP002', 'P034'), ('GRP002', 'P035'),
('GRP003', 'P036'), ('GRP003', 'P037'),
('GRP004', 'P038'), ('GRP004', 'P039'), ('GRP004', 'P040'),
('GRP005', 'P041'), ('GRP005', 'P042'),
('GRP006', 'P043'), ('GRP006', 'P044'),
('GRP007', 'P045'), ('GRP007', 'P046'),
('GRP008', 'P047'), ('GRP008', 'P048'),
('GRP009', 'P049'), ('GRP009', 'P050'),
('GRP010', 'P051'), ('GRP010', 'P052'),
('GRP011', 'P053'), ('GRP011', 'P054'),
('GRP012', 'P055'), ('GRP012', 'P056'),
('GRP013', 'P057'), ('GRP013', 'P058'),
('GRP014', 'P059'), ('GRP014', 'P060'), ('GRP014', 'P061'),
('GRP015', 'P062'), ('GRP015', 'P063'),
('GRP016', 'P064'), ('GRP016', 'P065'),
('GRP017', 'P066'), ('GRP017', 'P067'),
('GRP018', 'P068'), ('GRP018', 'P069'),
('GRP019', 'P070'), ('GRP019', 'P071'),
('GRP020', 'P072'), ('GRP020', 'P073'),
('GRP021', 'P074'), ('GRP021', 'P075'),
('GRP022', 'P076'), ('GRP022', 'P077'),
('GRP023', 'P078'), ('GRP023', 'P079'),
('GRP024', 'P080'), ('GRP024', 'P081'), ('GRP024', 'P082'),
('GRP025', 'P083'), ('GRP025', 'P084'),
('GRP026', 'P085'), ('GRP026', 'P086'),
('GRP027', 'P087'), ('GRP027', 'P088'),
('GRP028', 'P089'), ('GRP028', 'P090'),
('GRP029', 'P091'), ('GRP029', 'P092'),
('GRP030', 'P093'), ('GRP030', 'P094'), ('GRP030', 'P095'), ('GRP030', 'P096'), ('GRP030', 'P097'), ('GRP030', 'P098'), ('GRP030', 'P099'), ('GRP030', 'P100');

-- Staff (5)
INSERT INTO `staff` (`staff_id`, `name`, `role`) VALUES
('STF001', 'Ahmad Bin Saleh', 'Check-in Agent'),
('STF002', 'Siti Binti Lim', 'Supervisor'),
('STF003', 'Kumar a/l Raja', 'Special Assistance'),
('STF004', 'Joanna Tan', 'Gate Agent'),
('STF005', 'David Chen', 'Baggage Services');

-- Check-in Counters (5)
INSERT INTO `checkin_counters` (`counter_id`, `location`, `assigned_staff_id`, `is_operational`) VALUES
('CI01', 'Row A, Counter 1-3', 'STF001', TRUE),
('CI02', 'Row A, Counter 4-6', NULL, TRUE),
('CI03', 'Row B, Counter 1-3 (Special Assistance)', 'STF003', TRUE),
('CI04', 'Row C, Counter 1-3 (Baggage Drop)', 'STF005', TRUE),
('CI05', 'Row D, Counter 1-3', NULL, FALSE);

-- Self-service Kiosks (5)
INSERT INTO `self_service_kiosks` (`kiosk_id`, `location`, `is_operational`) VALUES
('SSK01', 'Departure Hall, Near Entrance 1', TRUE),
('SSK02', 'Departure Hall, Near Row A', TRUE),
('SSK03', 'Departure Hall, Near Row C', TRUE),
('SSK04', 'After Security, Near Gate P', TRUE),
('SSK05', 'After Security, Near Gate Q', FALSE);

-- Note: `boarding_passes` and `flight_notifications` tables are intentionally left empty
-- as per the user's instructions.
-- Note: Seat data for flights other than AK101 has been omitted for brevity but would be included in a full script.